"","pathway","pval_rna","padj_rna","log2err_rna","ES_rna","NES_rna","size_rna","leadingEdge_rna","pval_metabolites","padj_metabolites","ES_metabolites","NES_metabolites","nMoreExtreme_metabolites","size_metabolites","leadingEdge_metabolites"
"1","Acetylcholine inhibits contraction of outer hair cells(reactome)","0.00741228486239772","0.0252897003993586","0.407017918923954","-0.902525030179806","-1.70628741551942","3","c(""gene_symbol:KCNMA1"", ""gene_symbol:KCNN2"")","0.0973684210526316","0.221529175050302","0.962025316455696","1.28412364712295","147","1","hmdb:HMDB0000895"
"2","Acetylcholine Neurotransmitter Release Cycle(reactome)","4.0708772630475e-09","8.56982615581751e-08","0.761460801445585","-0.834362744962308","-3.16916144177708","16","c(""gene_symbol:SNAP25"", ""gene_symbol:CPLX1"", ""gene_symbol:RIMS1"", ""gene_symbol:SYT1"", ""gene_symbol:STX1A"", ""gene_symbol:PPFIA3"", ""gene_symbol:PPFIA2"", ""gene_symbol:RAB3A"", ""gene_symbol:TSPOAP1"", ""gene_symbol:CHAT"", ""gene_symbol:UNC13B"", ""gene_symbol:SLC5A7"", ""gene_symbol:VAMP2"", ""gene_symbol:STXBP1"")","0.0973684210526316","0.221529175050302","0.962025316455696","1.28412364712295","147","1","hmdb:HMDB0000895"
"3","Adrenoceptors(reactome)","0.0301378735894568","0.0815659878988348","0.352487857583619","-0.61002320136299","-1.78786116567307","8","c(""gene_symbol:ADRA1D"", ""gene_symbol:ADRA2C"", ""gene_symbol:ADRB1"", ""gene_symbol:ADRA1A"")","0.135750813575081","0.278327087050586","0.750048072175861","1.29161754251816","291","4","c(""hmdb:HMDB0002182"", ""hmdb:HMDB0251522"")"
"4","Amine ligand-binding receptors(reactome)","6.98545145424747e-11","1.91467004960716e-09","0.839088935621274","-0.768505758421428","-3.35197840317972","25","c(""gene_symbol:CHRM1"", ""gene_symbol:DRD1"", ""gene_symbol:ADRA1D"", ""gene_symbol:CHRM3"", ""gene_symbol:ADRA2C"", ""gene_symbol:DRD2"", ""gene_symbol:HTR5A"", ""gene_symbol:CHRM4"", ""gene_symbol:HTR2A"", ""gene_symbol:HRH3"", ""gene_symbol:ADRB1"", ""gene_symbol:HTR1A"", ""gene_symbol:CHRM2"", ""gene_symbol:HTR2C"", ""gene_symbol:ADRA1A"", ""gene_symbol:HRH1"", ""gene_symbol:HTR1D"")","0.0457656116338751","0.197599758466261","0.771748114916914","1.43420888871395","106","6","c(""hmdb:HMDB0000895"", ""hmdb:HMDB0002182"", ""hmdb:HMDB0251522"")"
"5","Azathioprine ADME(reactome)","0.0211711711711712","0.0611478522369611","0.147797789076295","0.548478034185972","1.52773784027992","18","c(""gene_symbol:VAV1"", ""gene_symbol:SLC29A1"", ""gene_symbol:IMPDH2"", ""gene_symbol:NME1-NME2"", ""gene_symbol:VAV2"", ""gene_symbol:XDH"", ""gene_symbol:GMPS"", ""gene_symbol:ABCC4"", ""gene_symbol:SLC29A2"", ""gene_symbol:VAV3"", ""gene_symbol:TPMT"")","0.0840197693574959","0.221529175050302","-0.846153846153846","-1.43865291090931","101","2","c(""hmdb:HMDB0003423"", ""hmdb:HMDB0000641"")"
"6","Biomarkers for pyrimidine metabolism disorders(wiki)","0.0346568739958687","0.0913032246098407","0.115816281989299","0.559973218861001","1.49943805549846","15","c(""gene_symbol:RRM2"", ""gene_symbol:TYMS"", ""gene_symbol:RRM1"", ""gene_symbol:UMPS"", ""gene_symbol:PUS1"")","0.0137659783677483","0.112269201354747","-0.87012987012987","-1.74122462781715","13","3","c(""hmdb:HMDB0000064"", ""hmdb:HMDB0304156"", ""hmdb:HMDB0002031"")"
"7","Burn wound healing(wiki)","4.41487239538039e-08","7.63997409437861e-07","0.719512826338911","0.60699260786717","2.05955314537596","59","c(""gene_symbol:LGALS1"", ""gene_symbol:S100A11"", ""gene_symbol:SERPINH1"", ""gene_symbol:S100A6"", ""gene_symbol:TGFB1"", ""gene_symbol:IL1B"", ""gene_symbol:CCL2"", ""gene_symbol:MMP2"", ""gene_symbol:NFKB1"", ""gene_symbol:INHBA"", ""gene_symbol:TP53"", ""gene_symbol:TNC"", ""gene_symbol:TIMP1"", ""gene_symbol:TGFB3"", ""gene_symbol:ICAM1"", ""gene_symbol:TLR4"", ""gene_symbol:CASP3"", ""gene_symbol:MYD88"", ""gene_symbol:FBN1"", ""gene_symbol:FGFR1"", ""gene_symbol:PDGFRB"", ""gene_symbol:CXCR4"", ""gene_symbol:KLF4"", ""gene_symbol:SNAI2"", 
""gene_symbol:NOX4"", ""gene_symbol:TPT1"", ""gene_symbol:MMP9"", ""gene_symbol:HMGB1"", ""gene_symbol:BAX"", ""gene_symbol:AKT1"", ""gene_symbol:COL1A1"", ""gene_symbol:VEGFA"", ""gene_symbol:TGFB2"")","0.0973684210526316","0.221529175050302","0.962025316455696","1.28412364712295","147","1","hmdb:HMDB0000895"
"8","Calcium regulation in cardiac cells(wiki)","4.15809568842136e-16","2.53457653604669e-14","1.03769615548758","-0.42236682292282","-2.74057427384376","138","c(""gene_symbol:ADCY1"", ""gene_symbol:CHRM1"", ""gene_symbol:RGS4"", ""gene_symbol:KCNB1"", ""gene_symbol:CAMK4"", ""gene_symbol:CAMK2A"", ""gene_symbol:RGS9"", ""gene_symbol:ATP2B2"", ""gene_symbol:RYR2"", ""gene_symbol:KCNJ3"", ""gene_symbol:ADRA1D"", ""gene_symbol:CHRM3"", ""gene_symbol:PRKCZ"", ""gene_symbol:ADCY5"", ""gene_symbol:ADCY2"", ""gene_symbol:ATP2B3"", ""gene_symbol:CAMK2B"", ""gene_symbol:RGS6"", ""gene_symbol:PRKAR1B"", ""gene_symbol:RGS7"", ""gene_symbol:CHRM4"", ""gene_symbol:CACNA1A"", ""gene_symbol:ATP1B1"", ""gene_symbol:GNAO1"", 
""gene_symbol:GNG7"", ""gene_symbol:CACNA1E"", ""gene_symbol:PRKCB"", ""gene_symbol:PRKCE"", ""gene_symbol:CACNA1B"", ""gene_symbol:PRKCG"", ""gene_symbol:ADCY9"", ""gene_symbol:GNAZ"", ""gene_symbol:GNAI1"", ""gene_symbol:CACNB1"", ""gene_symbol:ADRB1"", ""gene_symbol:GNG3"", ""gene_symbol:RYR3"", ""gene_symbol:CACNA1C"", ""gene_symbol:ITPR1"", ""gene_symbol:CHRM2"", ""gene_symbol:ADCY8"", ""gene_symbol:GJB6"", ""gene_symbol:SLC8A3"", ""gene_symbol:CACNA1D"", ""gene_symbol:PRKCA"", ""gene_symbol:GJC2"", ""gene_symbol:ADRA1A"", ""gene_symbol:CAMK2G"", 
""gene_symbol:GNB5"", ""gene_symbol:GNG4"", ""gene_symbol:GJB1"", ""gene_symbol:GJD2"", ""gene_symbol:CALM3"", ""gene_symbol:PKIA"", ""gene_symbol:ADCY3"", ""gene_symbol:ATP2B1"", ""gene_symbol:ARRB1"", ""gene_symbol:CALM1"", ""gene_symbol:GJB2"", ""gene_symbol:PRKCQ"", ""gene_symbol:CALM2"")","0.0973684210526316","0.221529175050302","0.962025316455696","1.28412364712295","147","1","hmdb:HMDB0000895"
"9","Class C/3 (Metabotropic glutamate/pheromone receptors)(reactome)","3.41370515688213e-06","3.56561940171525e-05","0.627256739718528","-0.819239402236393","-2.73400413364971","11","c(""gene_symbol:GABBR2"", ""gene_symbol:GRM3"", ""gene_symbol:GRM5"", ""gene_symbol:GRM2"", ""gene_symbol:GRM4"", ""gene_symbol:GRM7"", ""gene_symbol:GRM8"", ""gene_symbol:GRM1"", ""gene_symbol:GABBR1"")","0.0261306532663317","0.194122832794593","0.882234643822755","1.43495791449657","51","3","c(""hmdb:HMDB0000182"", ""hmdb:HMDB0003405"")"
"10","Cytokine Signaling in Immune system(reactome)","1.43219273228426e-45","5.84907511864893e-42","1.75655466618793","0.544145130995572","2.11338127583645","579","c(""gene_symbol:HLA-DQB1"", ""gene_symbol:HLA-DQA1"", ""gene_symbol:HLA-DRB1"", ""gene_symbol:ITGAX"", ""gene_symbol:ANXA1"", ""gene_symbol:CD44"", ""gene_symbol:NLRC5"", ""gene_symbol:SDC1"", ""gene_symbol:IFI30"", ""gene_symbol:HLA-A"", ""gene_symbol:CCR1"", ""gene_symbol:CXCL10"", ""gene_symbol:LCP1"", ""gene_symbol:BIRC5"", ""gene_symbol:CLCF1"", ""gene_symbol:GBP1"", ""gene_symbol:CSF2RB"", ""gene_symbol:NFKB2"", ""gene_symbol:CCR2"", ""gene_symbol:MSN"", ""gene_symbol:CIITA"", ""gene_symbol:CNN2"", ""gene_symbol:VIM"", ""gene_symbol:FLNA"", 
""gene_symbol:HCK"", ""gene_symbol:ANXA2"", ""gene_symbol:PSMB8"", ""gene_symbol:SHC1"", ""gene_symbol:ITGB2"", ""gene_symbol:TGFB1"", ""gene_symbol:IL2RG"", ""gene_symbol:IRF1"", ""gene_symbol:IFITM2"", ""gene_symbol:IFITM3"", ""gene_symbol:CASP8"", ""gene_symbol:PTPN6"", ""gene_symbol:TWIST1"", ""gene_symbol:PSMB9"", ""gene_symbol:FN1"", ""gene_symbol:OASL"", ""gene_symbol:SOCS3"", ""gene_symbol:OAS3"", ""gene_symbol:IRF7"", ""gene_symbol:IL1B"", ""gene_symbol:B2M"", ""gene_symbol:CCL5"", ""gene_symbol:IRF8"", ""gene_symbol:MID1"", ""gene_symbol:CCND1"", 
""gene_symbol:RPLP0"", ""gene_symbol:IL1RL1"", ""gene_symbol:CCL2"", ""gene_symbol:MMP2"", ""gene_symbol:FCGR1A"", ""gene_symbol:GBP4"", ""gene_symbol:CRLF1"", ""gene_symbol:LMNB1"", ""gene_symbol:GBP5"", ""gene_symbol:MYC"", ""gene_symbol:ISG15"", ""gene_symbol:ITGB1"", ""gene_symbol:TRIM5"", ""gene_symbol:LYN"", ""gene_symbol:NFKB1"", ""gene_symbol:SAMHD1"", ""gene_symbol:OAS2"", ""gene_symbol:VAV1"", ""gene_symbol:BST2"", ""gene_symbol:GSDMD"", ""gene_symbol:CCR5"", ""gene_symbol:MX1"", ""gene_symbol:GBP7"", ""gene_symbol:GBP6"", ""gene_symbol:SP100"", 
""gene_symbol:SLA"", ""gene_symbol:TP53"", ""gene_symbol:HLA-E"", ""gene_symbol:TNFRSF1B"", ""gene_symbol:IL21R"", ""gene_symbol:CASP1"", ""gene_symbol:IL12RB1"", ""gene_symbol:TNFRSF12A"", ""gene_symbol:IL10RA"", ""gene_symbol:BIRC3"", ""gene_symbol:TRIM25"", ""gene_symbol:PIM1"", ""gene_symbol:PLCG2"", ""gene_symbol:LTBR"", ""gene_symbol:TIMP1"", ""gene_symbol:CSF1"", ""gene_symbol:PTPN18"", ""gene_symbol:SYK"", ""gene_symbol:KPNA2"", ""gene_symbol:ITGAM"", ""gene_symbol:TNFRSF1A"", ""gene_symbol:PTPN7"", ""gene_symbol:SIGIRR"", ""gene_symbol:IL4R"", 
""gene_symbol:ICAM1"", ""gene_symbol:IFITM1"", ""gene_symbol:CD86"", ""gene_symbol:STAT1"", ""gene_symbol:NUP37"", ""gene_symbol:MAPKAPK3"", ""gene_symbol:SOCS1"", ""gene_symbol:CASP3"", ""gene_symbol:MAP2K3"", ""gene_symbol:UBA7"", ""gene_symbol:IL2RB"", ""gene_symbol:LGALS9"", ""gene_symbol:ADAM17"", ""gene_symbol:CSK"", ""gene_symbol:GSTO1"", ""gene_symbol:RSAD2"", ""gene_symbol:IFI35"", ""gene_symbol:USP18"", ""gene_symbol:BCL2L11"", ""gene_symbol:IL6R"", ""gene_symbol:CD40"", ""gene_symbol:LIF"", ""gene_symbol:MAPKAPK2"", ""gene_symbol:HMOX1"", 
""gene_symbol:TRIM21"", ""gene_symbol:CAPZA1"", ""gene_symbol:GRAP2"", ""gene_symbol:MYD88"", ""gene_symbol:TNFRSF14"", ""gene_symbol:HNRNPF"", ""gene_symbol:HAVCR2"", ""gene_symbol:P4HB"", ""gene_symbol:DUSP4"", ""gene_symbol:MTAP"", ""gene_symbol:HLA-G"", ""gene_symbol:TEC"", ""gene_symbol:ISG20"", ""gene_symbol:INPP5D"", ""gene_symbol:PIK3CG"", ""gene_symbol:CCL4"", ""gene_symbol:IFIT2"", ""gene_symbol:IFIT1"", ""gene_symbol:PTPN14"", ""gene_symbol:SH2B3"", ""gene_symbol:ATF1"", ""gene_symbol:PTAFR"", ""gene_symbol:UBE2L6"", ""gene_symbol:NUP107"", 
""gene_symbol:CSF2RA"", ""gene_symbol:NUP188"", ""gene_symbol:RELA"", ""gene_symbol:CD36"", ""gene_symbol:RELB"", ""gene_symbol:VCAM1"", ""gene_symbol:EIF2AK2"", ""gene_symbol:IL2RA"", ""gene_symbol:IRF5"", ""gene_symbol:RIPK2"", ""gene_symbol:NUP160"", ""gene_symbol:IL13RA1"", ""gene_symbol:TNFSF13B"", ""gene_symbol:PML"", ""gene_symbol:CDKN1A"", ""gene_symbol:NUP205"", ""gene_symbol:JAK3"", ""gene_symbol:NUP54"", ""gene_symbol:CSF1R"", ""gene_symbol:NUP85"", ""gene_symbol:MCL1"", ""gene_symbol:INPPL1"", ""gene_symbol:LCN2"", ""gene_symbol:AAAS"", 
""gene_symbol:PSME1"", ""gene_symbol:FLNB"", ""gene_symbol:IFNGR1"", ""gene_symbol:CHUK"", ""gene_symbol:TNFRSF13B"", ""gene_symbol:IL17RA"", ""gene_symbol:EBI3"", ""gene_symbol:RPS27A"", ""gene_symbol:RAP1B"", ""gene_symbol:ALPK1"", ""gene_symbol:EIF4A1"", ""gene_symbol:TNFRSF9"", ""gene_symbol:TYK2"", ""gene_symbol:IL3RA"", ""gene_symbol:NUP155"", ""gene_symbol:IL17RC"", ""gene_symbol:IL1A"", ""gene_symbol:IL18BP"", ""gene_symbol:NRAS"", ""gene_symbol:TRIM34"", ""gene_symbol:DUSP6"", ""gene_symbol:EIF4E3"", ""gene_symbol:PSMA5"", ""gene_symbol:NUP43"", 
""gene_symbol:MAP3K14"", ""gene_symbol:NDC1"", ""gene_symbol:NFKBIA"", ""gene_symbol:ALOX5"", ""gene_symbol:NUP93"", ""gene_symbol:PTPN12"", ""gene_symbol:KPNB1"", ""gene_symbol:PSME4"", ""gene_symbol:IL10RB"", ""gene_symbol:CSF3R"", ""gene_symbol:CEBPD"", ""gene_symbol:EDA2R"", ""gene_symbol:LTB"", ""gene_symbol:RPS6KA1"", ""gene_symbol:MMP9"", ""gene_symbol:IRF9"", ""gene_symbol:STAT5A"", ""gene_symbol:XAF1"", ""gene_symbol:STAT6"", ""gene_symbol:TIFA"", ""gene_symbol:NOD2"", ""gene_symbol:IKBIP"", ""gene_symbol:IFNAR2"", ""gene_symbol:GHR"", 
""gene_symbol:HSP90B1"", ""gene_symbol:YES1"", ""gene_symbol:TRIM14"", ""gene_symbol:HMGB1"", ""gene_symbol:IRF3"", ""gene_symbol:HNRNPA2B1"", ""gene_symbol:MAP3K3"", ""gene_symbol:PSME2"", ""gene_symbol:PTPN2"", ""gene_symbol:NUP153"", ""gene_symbol:STAT2"", ""gene_symbol:SOCS6"", ""gene_symbol:NUP98"", ""gene_symbol:IFIT3"", ""gene_symbol:PSMB10"", ""gene_symbol:EIF4G1"", ""gene_symbol:IRS1"", ""gene_symbol:NUP62"", ""gene_symbol:IRAK4"", ""gene_symbol:SNRPA1"", ""gene_symbol:AKT1"", ""gene_symbol:SEM1"", ""gene_symbol:NOD1"", ""gene_symbol:TRAF2"", 
""gene_symbol:ABCE1"", ""gene_symbol:H3C14"", ""gene_symbol:PTPN9"", ""gene_symbol:TNFRSF11A"", ""gene_symbol:PPP2R1B"", ""gene_symbol:IL1R1"", ""gene_symbol:IRAK1"", ""gene_symbol:PTPN1"", ""gene_symbol:TNFSF9"", ""gene_symbol:HIF1A"", ""gene_symbol:NKIRAS2"", ""gene_symbol:IFNAR1"", ""gene_symbol:IL1R2"", ""gene_symbol:PAK2"", ""gene_symbol:RAE1"", ""gene_symbol:PTGS2"", ""gene_symbol:NUP50"", ""gene_symbol:CD80"", ""gene_symbol:PIK3CD"", ""gene_symbol:TNFSF12"", ""gene_symbol:PSMA7"", ""gene_symbol:PTPN23"", ""gene_symbol:MAPK7"", ""gene_symbol:TNFRSF4"", 
""gene_symbol:VEGFA"", ""gene_symbol:NUP88"", ""gene_symbol:PSMA4"", ""gene_symbol:TAB2"", ""gene_symbol:IRAK3"", ""gene_symbol:PSMA1"", ""gene_symbol:EIF4A3"", ""gene_symbol:MIF"", ""gene_symbol:IL7R"", ""gene_symbol:CBL"", ""gene_symbol:IKBKB"", ""gene_symbol:SEC13"", ""gene_symbol:CANX"", ""gene_symbol:NUP35"", ""gene_symbol:TPR"", ""gene_symbol:CNTF"", ""gene_symbol:GAB2"", ""gene_symbol:JAK2"", ""gene_symbol:CFL1"", ""gene_symbol:CTF1"", ""gene_symbol:IL16"", ""gene_symbol:IL11"", ""gene_symbol:PRKCD"", ""gene_symbol:SEH1L"", ""gene_symbol:NUP210"", 
""gene_symbol:TRIM26"", ""gene_symbol:PIK3CA"", ""gene_symbol:MAP3K8"", ""gene_symbol:JUN"", ""gene_symbol:EIF4G2"", ""gene_symbol:LCK"", ""gene_symbol:SMAD7"", ""gene_symbol:HSPA9"", ""gene_symbol:IL20RB"", ""gene_symbol:TNFSF13"", ""gene_symbol:PSMB3"", ""gene_symbol:PSMD11"", ""gene_symbol:IRAK2"", ""gene_symbol:TNIP2"", ""gene_symbol:PLCG1"", ""gene_symbol:POU2F1"", ""gene_symbol:TRAF6"", ""gene_symbol:TCP1"", ""gene_symbol:KPNA4"", ""gene_symbol:N4BP1"", ""gene_symbol:ABL2"", ""gene_symbol:PSMB2"", ""gene_symbol:MAP2K6"", ""gene_symbol:PSMA3"", 
""gene_symbol:BOLA2"", ""gene_symbol:PSMD4"", ""gene_symbol:IRF2"", ""gene_symbol:TNFRSF18"", ""gene_symbol:IFNGR2"")","0.0427631578947368","0.194122832794593","0.987341772151899","1.31791637467881","64","1","hmdb:HMDB0001565"
"11","Cytosolic tRNA aminoacylation(reactome)","0.0228320526893524","0.0651531181359515","0.140333376717696","0.513560494023177","1.50970820170458","24","c(""gene_symbol:VARS"", ""gene_symbol:TARS"", ""gene_symbol:RARS"", ""gene_symbol:LARS"", ""gene_symbol:CARS"", ""gene_symbol:IARS"", ""gene_symbol:KARS"", ""gene_symbol:FARSA"", ""gene_symbol:QARS"", ""gene_symbol:EEF1E1"", ""gene_symbol:EPRS"", ""gene_symbol:GARS"", ""gene_symbol:AIMP1"", ""gene_symbol:AIMP2"", ""gene_symbol:AARS"", ""gene_symbol:DARS"", ""gene_symbol:SARS"", ""gene_symbol:MARS1"", ""gene_symbol:NARS"", ""gene_symbol:FARSB"", ""gene_symbol:HARS"")","0.00790330079033008","0.0707441802451497","0.895921672534418","1.54281864309137","16","4","c(""hmdb:HMDB0000182"", ""hmdb:HMDB0003405"")"
"12","Death Receptor Signaling(reactome)","0.0108194750550992","0.0343865650778405","0.196180346599056","0.372524555659235","1.36788157186598","147","c(""gene_symbol:ECT2"", ""gene_symbol:CASP8"", ""gene_symbol:PLEKHG2"", ""gene_symbol:NFKB1"", ""gene_symbol:NGF"", ""gene_symbol:VAV1"", ""gene_symbol:BIRC3"", ""gene_symbol:TNFRSF1A"", ""gene_symbol:CASP3"", ""gene_symbol:IKBKE"", ""gene_symbol:ADAM17"", ""gene_symbol:FGD2"", ""gene_symbol:RACK1"", ""gene_symbol:BCL2L11"", ""gene_symbol:RIPK1"", ""gene_symbol:MAPKAPK2"", ""gene_symbol:MYD88"", ""gene_symbol:HDAC1"", ""gene_symbol:AKAP13"", ""gene_symbol:RELA"", ""gene_symbol:AATF"", ""gene_symbol:ARHGEF40"", ""gene_symbol:RIPK2"", ""gene_symbol:ARHGEF1"", 
""gene_symbol:CASP2"", ""gene_symbol:CHUK"", ""gene_symbol:RPS27A"", ""gene_symbol:CFLAR"", ""gene_symbol:TRAF1"", ""gene_symbol:NFKBIA"", ""gene_symbol:VAV2"", ""gene_symbol:ARHGEF39"", ""gene_symbol:TRADD"", ""gene_symbol:FADD"", ""gene_symbol:APH1A"", ""gene_symbol:HDAC3"", ""gene_symbol:NET1"", ""gene_symbol:SPPL2A"", ""gene_symbol:TRAF2"", ""gene_symbol:IRAK1"", ""gene_symbol:GNA13"", ""gene_symbol:TNFSF10"", ""gene_symbol:RHOA"", ""gene_symbol:ARHGEF19"", ""gene_symbol:TAB2"", ""gene_symbol:NCSTN"", ""gene_symbol:ARHGEF2"", ""gene_symbol:IKBKB"", 
""gene_symbol:PRDM4"", ""gene_symbol:TNFAIP3"", ""gene_symbol:FGD3"", ""gene_symbol:ARHGEF6"", ""gene_symbol:NSMAF"", ""gene_symbol:ARHGDIA"", ""gene_symbol:TRAF6"", ""gene_symbol:OTULIN"", ""gene_symbol:FGD1"", ""gene_symbol:OTUD7B"")","0.0427631578947368","0.194122832794593","0.987341772151899","1.31791637467881","64","1","hmdb:HMDB0001565"
"13","Deubiquitination(reactome)","5.28938337900863e-06","5.15557081619838e-05","0.610526878385931","0.403567123475963","1.51915889333238","240","c(""gene_symbol:CDK1"", ""gene_symbol:CCNA2"", ""gene_symbol:PSMB8"", ""gene_symbol:TGFB1"", ""gene_symbol:PSMB9"", ""gene_symbol:CDC20"", ""gene_symbol:MYC"", ""gene_symbol:BRCA1"", ""gene_symbol:BARD1"", ""gene_symbol:TP53"", ""gene_symbol:CLSPN"", ""gene_symbol:BIRC3"", ""gene_symbol:TRIM25"", ""gene_symbol:ACTL6A"", ""gene_symbol:SKP2"", ""gene_symbol:CDC25A"", ""gene_symbol:NLRP3"", ""gene_symbol:USP18"", ""gene_symbol:IFIH1"", ""gene_symbol:RIPK1"", ""gene_symbol:TGFBR1"", ""gene_symbol:RIPK2"", ""gene_symbol:ARRB2"", ""gene_symbol:MAVS"", 
""gene_symbol:H2BC11"", ""gene_symbol:PSME1"", ""gene_symbol:TGFBR2"", ""gene_symbol:RPS27A"", ""gene_symbol:ACTB"", ""gene_symbol:PSMA5"", ""gene_symbol:NFKBIA"", ""gene_symbol:PSME4"", ""gene_symbol:UIMC1"", ""gene_symbol:SIAH2"", ""gene_symbol:AXIN1"", ""gene_symbol:SMAD4"", ""gene_symbol:NOD2"", ""gene_symbol:IDE"", ""gene_symbol:USP3"", ""gene_symbol:RNF135"", ""gene_symbol:PSME2"", ""gene_symbol:PSMB10"", ""gene_symbol:SEM1"", ""gene_symbol:NOD1"", ""gene_symbol:TRAF2"", ""gene_symbol:KDM1B"", ""gene_symbol:HIF1A"", ""gene_symbol:TNKS2"", 
""gene_symbol:RHOA"", ""gene_symbol:PSMA7"", ""gene_symbol:ADRB2"", ""gene_symbol:PSMA4"", ""gene_symbol:PSMA1"", ""gene_symbol:RCE1"", ""gene_symbol:SMURF2"", ""gene_symbol:SMAD1"", ""gene_symbol:ESR1"", ""gene_symbol:TNFAIP3"", ""gene_symbol:USP16"", ""gene_symbol:USP37"", ""gene_symbol:RUVBL1"", ""gene_symbol:ACTR5"", ""gene_symbol:HCFC1"", ""gene_symbol:MDM2"", ""gene_symbol:USP10"", ""gene_symbol:SMAD7"", ""gene_symbol:PSMB3"", ""gene_symbol:PSMD11"", ""gene_symbol:ASXL2"", ""gene_symbol:TNIP2"", ""gene_symbol:YY1"", ""gene_symbol:USP25"", 
""gene_symbol:USP42"", ""gene_symbol:TRAF6"", ""gene_symbol:PSMB2"", ""gene_symbol:PSMA3"", ""gene_symbol:SMAD2"", ""gene_symbol:KAT2A"", ""gene_symbol:PSMD4"", ""gene_symbol:ATXN3"", ""gene_symbol:OTUD7B"", ""gene_symbol:PSME3"", ""gene_symbol:EP300"", ""gene_symbol:PSMB4"", ""gene_symbol:TAF10"", ""gene_symbol:MAP3K7"", ""gene_symbol:ADRM1"", ""gene_symbol:ABRAXAS1"", ""gene_symbol:MYSM1"", ""gene_symbol:PSMC4"", ""gene_symbol:PTRH2"", ""gene_symbol:TRAF3"", ""gene_symbol:PSMD2"", ""gene_symbol:USP7"", ""gene_symbol:STAM2"", ""gene_symbol:NFRKB"", 
""gene_symbol:KAT2B"", ""gene_symbol:USP47"", ""gene_symbol:TNIP1"", ""gene_symbol:PSMA2"", ""gene_symbol:USP24"", ""gene_symbol:USP19"", ""gene_symbol:MBD6"", ""gene_symbol:USP12"", ""gene_symbol:INO80E"", ""gene_symbol:JOSD1"", ""gene_symbol:PSMD9"", ""gene_symbol:PSMA6"", ""gene_symbol:SMAD3"", ""gene_symbol:USP21"", ""gene_symbol:PSMD7"", ""gene_symbol:VCP"", ""gene_symbol:USP8"", ""gene_symbol:PSMD1"", ""gene_symbol:MDM4"", ""gene_symbol:INO80D"", ""gene_symbol:FOXK2"", ""gene_symbol:PSMD14"", ""gene_symbol:INO80"", ""gene_symbol:INO80C"", 
""gene_symbol:FOXO4"", ""gene_symbol:ASXL1"", ""gene_symbol:PSMD12"", ""gene_symbol:UBE2D1"", ""gene_symbol:PSMD8"", ""gene_symbol:BIRC2"", ""gene_symbol:PSMB6"", ""gene_symbol:INO80B"", ""gene_symbol:USP34"", ""gene_symbol:PSMD13"", ""gene_symbol:PSMC6"", ""gene_symbol:TADA3"", ""gene_symbol:OTUD3"", ""gene_symbol:STAMBPL1"", ""gene_symbol:UCHL5"", ""gene_symbol:ABRAXAS2"", ""gene_symbol:PSMD10"", ""gene_symbol:PSMB1"", ""gene_symbol:PSMD3"", ""gene_symbol:ZRANB1"", ""gene_symbol:PTEN"", ""gene_symbol:PSMC2"", ""gene_symbol:PSMB7"", ""gene_symbol:USP4"", 
""gene_symbol:UCHL3"", ""gene_symbol:PSMD5"", ""gene_symbol:PSMC3"")","0.00610771793448084","0.0707441802451497","0.961538461538462","1.45962553114004","10","2","c(""hmdb:HMDB0000182"", ""hmdb:HMDB0003405"")"
"14","Deubiquitination(wiki)","2.05290975572827e-05","0.000171453649128717","0.575610261071129","0.406517185847008","1.5275608940524","231","c(""gene_symbol:CDK1"", ""gene_symbol:CCNA2"", ""gene_symbol:PSMB8"", ""gene_symbol:TGFB1"", ""gene_symbol:PSMB9"", ""gene_symbol:CDC20"", ""gene_symbol:MYC"", ""gene_symbol:BRCA1"", ""gene_symbol:BARD1"", ""gene_symbol:TP53"", ""gene_symbol:CLSPN"", ""gene_symbol:BIRC3"", ""gene_symbol:TRIM25"", ""gene_symbol:ACTL6A"", ""gene_symbol:SKP2"", ""gene_symbol:CDC25A"", ""gene_symbol:NLRP3"", ""gene_symbol:USP18"", ""gene_symbol:IFIH1"", ""gene_symbol:RIPK1"", ""gene_symbol:TGFBR1"", ""gene_symbol:RIPK2"", ""gene_symbol:ARRB2"", ""gene_symbol:MAVS"", 
""gene_symbol:PSME1"", ""gene_symbol:TGFBR2"", ""gene_symbol:RPS27A"", ""gene_symbol:ACTB"", ""gene_symbol:PSMA5"", ""gene_symbol:NFKBIA"", ""gene_symbol:PSME4"", ""gene_symbol:UIMC1"", ""gene_symbol:SIAH2"", ""gene_symbol:AXIN1"", ""gene_symbol:SMAD4"", ""gene_symbol:NOD2"", ""gene_symbol:IDE"", ""gene_symbol:USP3"", ""gene_symbol:RNF135"", ""gene_symbol:PSME2"", ""gene_symbol:PSMB10"", ""gene_symbol:SEM1"", ""gene_symbol:NOD1"", ""gene_symbol:TRAF2"", ""gene_symbol:KDM1B"", ""gene_symbol:HIF1A"", ""gene_symbol:TNKS2"", ""gene_symbol:RHOA"", 
""gene_symbol:PSMA7"", ""gene_symbol:ADRB2"", ""gene_symbol:PSMA4"", ""gene_symbol:PSMA1"", ""gene_symbol:RCE1"", ""gene_symbol:SMURF2"", ""gene_symbol:SMAD1"", ""gene_symbol:ESR1"", ""gene_symbol:TNFAIP3"", ""gene_symbol:USP16"", ""gene_symbol:USP37"", ""gene_symbol:RUVBL1"", ""gene_symbol:ACTR5"", ""gene_symbol:HCFC1"", ""gene_symbol:MDM2"", ""gene_symbol:USP10"", ""gene_symbol:SMAD7"", ""gene_symbol:PSMB3"", ""gene_symbol:PSMD11"", ""gene_symbol:ASXL2"", ""gene_symbol:TNIP2"", ""gene_symbol:YY1"", ""gene_symbol:USP25"", ""gene_symbol:USP42"", 
""gene_symbol:TRAF6"", ""gene_symbol:PSMB2"", ""gene_symbol:PSMA3"", ""gene_symbol:SMAD2"", ""gene_symbol:KAT2A"", ""gene_symbol:PSMD4"", ""gene_symbol:ATXN3"", ""gene_symbol:OTUD7B"", ""gene_symbol:PSME3"", ""gene_symbol:EP300"", ""gene_symbol:PSMB4"", ""gene_symbol:TAF10"", ""gene_symbol:MAP3K7"", ""gene_symbol:ADRM1"", ""gene_symbol:ABRAXAS1"", ""gene_symbol:MYSM1"", ""gene_symbol:PSMC4"", ""gene_symbol:PTRH2"", ""gene_symbol:TRAF3"", ""gene_symbol:PSMD2"", ""gene_symbol:USP7"", ""gene_symbol:STAM2"", ""gene_symbol:NFRKB"", ""gene_symbol:KAT2B"", 
""gene_symbol:USP47"", ""gene_symbol:TNIP1"", ""gene_symbol:PSMA2"", ""gene_symbol:USP24"", ""gene_symbol:USP19"", ""gene_symbol:MBD6"", ""gene_symbol:USP12"", ""gene_symbol:INO80E"", ""gene_symbol:JOSD1"", ""gene_symbol:PSMD9"", ""gene_symbol:PSMA6"", ""gene_symbol:SMAD3"", ""gene_symbol:USP21"", ""gene_symbol:PSMD7"", ""gene_symbol:VCP"", ""gene_symbol:USP8"", ""gene_symbol:PSMD1"", ""gene_symbol:MDM4"", ""gene_symbol:INO80D"", ""gene_symbol:FOXK2"", ""gene_symbol:PSMD14"", ""gene_symbol:INO80"", ""gene_symbol:INO80C"", ""gene_symbol:FOXO4"", 
""gene_symbol:ASXL1"", ""gene_symbol:PSMD12"", ""gene_symbol:UBE2D1"", ""gene_symbol:PSMD8"", ""gene_symbol:BIRC2"", ""gene_symbol:PSMB6"", ""gene_symbol:INO80B"", ""gene_symbol:USP34"", ""gene_symbol:PSMD13"", ""gene_symbol:PSMC6"", ""gene_symbol:TADA3"", ""gene_symbol:OTUD3"", ""gene_symbol:STAMBPL1"", ""gene_symbol:UCHL5"", ""gene_symbol:ABRAXAS2"", ""gene_symbol:PSMD10"", ""gene_symbol:PSMB1"", ""gene_symbol:PSMD3"", ""gene_symbol:ZRANB1"", ""gene_symbol:PTEN"", ""gene_symbol:PSMC2"", ""gene_symbol:PSMB7"", ""gene_symbol:USP4"", ""gene_symbol:UCHL3"", 
""gene_symbol:PSMD5"", ""gene_symbol:PSMC3"")","0.00610771793448084","0.0707441802451497","0.961538461538462","1.45962553114004","10","2","c(""hmdb:HMDB0000182"", ""hmdb:HMDB0003405"")"
"15","Diseases of glycosylation(reactome)","0.000593597720904804","0.00299290505206817","0.477270815362862","0.418970352003448","1.51881871095098","123","c(""gene_symbol:THBS1"", ""gene_symbol:SDC1"", ""gene_symbol:BGN"", ""gene_symbol:ADAMTS7"", ""gene_symbol:HSPG2"", ""gene_symbol:ADAMTS14"", ""gene_symbol:THBS2"", ""gene_symbol:B4GALT1"", ""gene_symbol:VCAN"", ""gene_symbol:CFP"", ""gene_symbol:CHST14"", ""gene_symbol:CSPG4"", ""gene_symbol:CHSY1"", ""gene_symbol:NOTCH2"", ""gene_symbol:GALNT12"", ""gene_symbol:NOTCH1"", ""gene_symbol:ADAMTS17"", ""gene_symbol:EXT1"", ""gene_symbol:ALG13"", ""gene_symbol:ADAMTS10"", ""gene_symbol:NOTCH4"", ""gene_symbol:ADAMTS4"", ""gene_symbol:ADAMTS9"", 
""gene_symbol:ADAMTS6"", ""gene_symbol:MOGS"", ""gene_symbol:GALK1"", ""gene_symbol:ALG8"", ""gene_symbol:AGRN"", ""gene_symbol:HEXB"", ""gene_symbol:SLC26A2"", ""gene_symbol:GALNT3"", ""gene_symbol:CTSA"", ""gene_symbol:HEXA"", ""gene_symbol:GLB1"", ""gene_symbol:MGAT2"", ""gene_symbol:PMM2"", ""gene_symbol:SDC4"", ""gene_symbol:NOTCH3"", ""gene_symbol:DPM3"", ""gene_symbol:C1GALT1"", ""gene_symbol:ADAMTS13"", ""gene_symbol:SDC2"", ""gene_symbol:DPAGT1"", ""gene_symbol:EXT2"", ""gene_symbol:ALG6"")","0.0840197693574959","0.221529175050302","-0.846153846153846","-1.43865291090931","101","2","c(""hmdb:HMDB0003423"", ""hmdb:HMDB0000641"")"
"16","Disorders of transmembrane transporters(reactome)","0.00220935570183358","0.00912432865995943","0.431707695803346","0.394557516342583","1.44416157205258","141","c(""gene_symbol:PSMB8"", ""gene_symbol:PSMB9"", ""gene_symbol:NUP37"", ""gene_symbol:SLC7A7"", ""gene_symbol:NUP107"", ""gene_symbol:NUP188"", ""gene_symbol:NUP160"", ""gene_symbol:NUP205"", ""gene_symbol:NUP54"", ""gene_symbol:NUP85"", ""gene_symbol:AAAS"", ""gene_symbol:PSME1"", ""gene_symbol:RPS27A"", ""gene_symbol:SLC29A3"", ""gene_symbol:NUP155"", ""gene_symbol:PSMA5"", ""gene_symbol:NUP43"", ""gene_symbol:NDC1"", ""gene_symbol:NUP93"", ""gene_symbol:PSME4"", ""gene_symbol:ERLIN1"", ""gene_symbol:ABCD1"", ""gene_symbol:SLC16A1"", ""gene_symbol:CP"", 
""gene_symbol:AVPR2"", ""gene_symbol:PSME2"", ""gene_symbol:NUP153"", ""gene_symbol:NUP98"", ""gene_symbol:SLC26A2"", ""gene_symbol:PSMB10"", ""gene_symbol:NUP62"", ""gene_symbol:SEM1"", ""gene_symbol:SLC35A3"", ""gene_symbol:RAE1"", ""gene_symbol:SLC2A9"", ""gene_symbol:NUP50"", ""gene_symbol:PSMA7"", ""gene_symbol:NUP88"", ""gene_symbol:PSMA4"", ""gene_symbol:PSMA1"", ""gene_symbol:DERL2"", ""gene_symbol:SEC13"", ""gene_symbol:NUP35"", ""gene_symbol:TPR"", ""gene_symbol:SEH1L"", ""gene_symbol:NUP210"", ""gene_symbol:PSMB3"", ""gene_symbol:PSMD11"", 
""gene_symbol:SLC24A5"", ""gene_symbol:PSMB2"", ""gene_symbol:PSMA3"", ""gene_symbol:PSMD4"", ""gene_symbol:SLC3A2"", ""gene_symbol:PSME3"", ""gene_symbol:SLC35C1"", ""gene_symbol:ABCD4"", ""gene_symbol:PSMB4"", ""gene_symbol:DERL1"", ""gene_symbol:SLC22A5"", ""gene_symbol:PSMC4"", ""gene_symbol:PSMD2"", ""gene_symbol:NUP133"", ""gene_symbol:ABCA1"", ""gene_symbol:NUP214"", ""gene_symbol:PSMA2"", ""gene_symbol:SLC40A1"", ""gene_symbol:POM121"", ""gene_symbol:PSMD9"", ""gene_symbol:PSMA6"", ""gene_symbol:PSMD7"", ""gene_symbol:VCP"", ""gene_symbol:PSMD1"", 
""gene_symbol:PSMD14"", ""gene_symbol:PSMD12"", ""gene_symbol:SLC35A1"", ""gene_symbol:PSMD8"", ""gene_symbol:PSMB6"", ""gene_symbol:PSMD13"", ""gene_symbol:PSMC6"", ""gene_symbol:SLC17A5"", ""gene_symbol:ERLIN2"", ""gene_symbol:SLC39A4"", ""gene_symbol:PSMD10"", ""gene_symbol:PSMB1"", ""gene_symbol:PSMD3"", ""gene_symbol:PSMC2"", ""gene_symbol:ABCB6"", ""gene_symbol:PSMB7"", ""gene_symbol:PSMD5"", ""gene_symbol:PSMC3"", ""gene_symbol:RNF185"", ""gene_symbol:SLC33A1"")","0.00790330079033008","0.0707441802451497","0.895921672534418","1.54281864309137","16","4","c(""hmdb:HMDB0000182"", ""hmdb:HMDB0003405"")"
"17","G alpha (q) signaling events(wiki)","0.000590157741672075","0.00297923883434951","0.477270815362862","-0.246157600437506","-1.53055825799932","110","c(""gene_symbol:CCK"", ""gene_symbol:CHRM1"", ""gene_symbol:CCKBR"", ""gene_symbol:RGS4"", ""gene_symbol:ADRA1D"", ""gene_symbol:CHRM3"", ""gene_symbol:PLCB1"", ""gene_symbol:KALRN"", ""gene_symbol:TAC1"", ""gene_symbol:GNG7"", ""gene_symbol:HTR2A"", ""gene_symbol:MCHR1"", ""gene_symbol:GRM5"", ""gene_symbol:GPR39"", ""gene_symbol:NTSR2"", ""gene_symbol:GNG3"", ""gene_symbol:GRM1"", ""gene_symbol:NTSR1"", ""gene_symbol:GRP"", ""gene_symbol:HTR2C"", ""gene_symbol:EDN3"", ""gene_symbol:ADRA1A"", ""gene_symbol:HRH1"", ""gene_symbol:GNB5"", ""gene_symbol:TRHR"", 
""gene_symbol:TAC3"", ""gene_symbol:GNG4"", ""gene_symbol:OXTR"", ""gene_symbol:GPR17"", ""gene_symbol:EDNRB"", ""gene_symbol:NPSR1"", ""gene_symbol:TACR1"", ""gene_symbol:TACR3"", ""gene_symbol:GPR68"", ""gene_symbol:KISS1R"")","0.101610216546363","0.221529175050302","0.878145627472314","1.33303432903428","182","2","c(""hmdb:HMDB0000895"", ""hmdb:HMDB0000259"")"
"18","G alpha (q) signalling events(reactome)","0.00011563718029238","0.000729926189048036","0.538434096309916","-0.242411421819148","-1.58982358243547","152","c(""gene_symbol:CCK"", ""gene_symbol:CHRM1"", ""gene_symbol:CCKBR"", ""gene_symbol:RGS4"", ""gene_symbol:ADRA1D"", ""gene_symbol:CHRM3"", ""gene_symbol:DGKB"", ""gene_symbol:MGLL"", ""gene_symbol:RASGRP1"", ""gene_symbol:PLCB1"", ""gene_symbol:KALRN"", ""gene_symbol:TAC1"", ""gene_symbol:GNG7"", ""gene_symbol:DGKI"", ""gene_symbol:HTR2A"", ""gene_symbol:MCHR1"", ""gene_symbol:PRKCE"", ""gene_symbol:RASGRP2"", ""gene_symbol:GRM5"", ""gene_symbol:GPR39"", ""gene_symbol:NTSR2"", ""gene_symbol:GNG3"", ""gene_symbol:ITPR1"", ""gene_symbol:GRM1"", ""gene_symbol:NTSR1"", 
""gene_symbol:GRP"", ""gene_symbol:HTR2C"", ""gene_symbol:ABHD6"", ""gene_symbol:PRKCA"", ""gene_symbol:EDN3"", ""gene_symbol:ADRA1A"", ""gene_symbol:HRH1"", ""gene_symbol:DGKG"", ""gene_symbol:GNB5"", ""gene_symbol:TRPC3"", ""gene_symbol:TRHR"", ""gene_symbol:TAC3"", ""gene_symbol:GNG4"", ""gene_symbol:OXTR"", ""gene_symbol:GPR17"", ""gene_symbol:EDNRB"", ""gene_symbol:NPSR1"", ""gene_symbol:TACR1"", ""gene_symbol:TACR3"", ""gene_symbol:GPR68"", ""gene_symbol:KISS1R"", ""gene_symbol:PRKCQ"", ""gene_symbol:DAGLA"", ""gene_symbol:TRPC6"")","0.00139470013947001","0.0707441802451497","0.944250209318516","1.62604262330039","2","4","c(""hmdb:HMDB0000182"", ""hmdb:HMDB0000895"", ""hmdb:HMDB0003405"")"
"19","GABA metabolism (aka GHB)(wiki)","0.0220901533946432","0.0633540635278954","0.352487857583619","-0.551430114309779","-1.78192165580986","10","c(""gene_symbol:GAD1"", ""gene_symbol:ABAT"", ""gene_symbol:GAD2"", ""gene_symbol:ALDH5A1"", ""gene_symbol:GLS2"", ""gene_symbol:MAOB"")","0.152409046214356","0.298409607403992","-0.662337662337662","-1.3254097913235","154","3","c(""hmdb:HMDB0003423"", ""hmdb:HMDB0000641"", ""hmdb:HMDB0001491"")"
"20","Gastric acid production(wiki)","0.0331658291457286","0.087954055994257","0.177086917408806","-0.924737102901503","-1.49340216318428","2","c(""gene_symbol:CCK"", ""gene_symbol:GRP"")","0.0623115577889447","0.221529175050302","0.844155844155844","1.37302260585827","123","3","c(""hmdb:HMDB0000895"", ""hmdb:HMDB0303551"", ""hmdb:HMDB0303410"")"
"21","Generic Transcription Pathway(reactome)","3.61432730166351e-12","1.2724924741374e-10","0.898671232061694","0.370449747618512","1.45196705160548","964","c(""gene_symbol:THBS1"", ""gene_symbol:TEAD2"", ""gene_symbol:JAG1"", ""gene_symbol:ITGAL"", ""gene_symbol:RUNX1"", ""gene_symbol:E2F8"", ""gene_symbol:CDK1"", ""gene_symbol:MYBL2"", ""gene_symbol:UBE2C"", ""gene_symbol:SPP1"", ""gene_symbol:TGIF1"", ""gene_symbol:CCNB1"", ""gene_symbol:RRM2"", ""gene_symbol:LGALS3"", ""gene_symbol:IGFBP3"", ""gene_symbol:BIRC5"", ""gene_symbol:AURKB"", ""gene_symbol:TPX2"", ""gene_symbol:CCNA2"", ""gene_symbol:PSMB8"", ""gene_symbol:TGFB1"", ""gene_symbol:EXO1"", ""gene_symbol:TFAP2A"", ""gene_symbol:ITGA5"", 
""gene_symbol:TWIST1"", ""gene_symbol:PSMB9"", ""gene_symbol:TEAD1"", ""gene_symbol:SERPINE1"", ""gene_symbol:SOCS3"", ""gene_symbol:ATAD2"", ""gene_symbol:WWTR1"", ""gene_symbol:EZH2"", ""gene_symbol:CDK6"", ""gene_symbol:CHEK1"", ""gene_symbol:SPI1"", ""gene_symbol:CCND1"", ""gene_symbol:REST"", ""gene_symbol:TOPBP1"", ""gene_symbol:BRIP1"", ""gene_symbol:MYC"", ""gene_symbol:AURKA"", ""gene_symbol:RBBP8"", ""gene_symbol:RBL1"", ""gene_symbol:CDK2"", ""gene_symbol:NFKB1"", ""gene_symbol:DNA2"", ""gene_symbol:MMP13"", ""gene_symbol:CBX2"", ""gene_symbol:BRCA1"", 
""gene_symbol:BARD1"", ""gene_symbol:TP53"", ""gene_symbol:PRDM1"", ""gene_symbol:TCF3"", ""gene_symbol:CASP1"", ""gene_symbol:E2F7"", ""gene_symbol:CDC25C"", ""gene_symbol:RARG"", ""gene_symbol:ACTL6A"", ""gene_symbol:CASP6"", ""gene_symbol:NPM1"", ""gene_symbol:MOV10"", ""gene_symbol:SKP2"", ""gene_symbol:CHEK2"", ""gene_symbol:MET"", ""gene_symbol:NOTCH2"", ""gene_symbol:STAT1"", ""gene_symbol:RUNX2"", ""gene_symbol:PIDD1"", ""gene_symbol:ZFHX3"", ""gene_symbol:CEBPB"", ""gene_symbol:CBFB"", ""gene_symbol:RFC3"", ""gene_symbol:TXN"", ""gene_symbol:FURIN"", 
""gene_symbol:BCL2L11"", ""gene_symbol:TWIST2"", ""gene_symbol:BTG1"", ""gene_symbol:MTA2"", ""gene_symbol:GLI3"", ""gene_symbol:HDAC1"", ""gene_symbol:TCF7"", ""gene_symbol:SMARCD2"", ""gene_symbol:TGIF2"", ""gene_symbol:PPP1R13L"", ""gene_symbol:BLM"", ""gene_symbol:TXNIP"", ""gene_symbol:NOTCH1"", ""gene_symbol:APAF1"", ""gene_symbol:RELA"", ""gene_symbol:CTSL"", ""gene_symbol:MAML3"", ""gene_symbol:TEAD4"", ""gene_symbol:ZNF268"", ""gene_symbol:ELF1"", ""gene_symbol:ITGA4"", ""gene_symbol:GSR"", ""gene_symbol:H2AZ1"", ""gene_symbol:IL2RA"", 
""gene_symbol:NOP2"", ""gene_symbol:LBR"", ""gene_symbol:SP1"", ""gene_symbol:RBPJ"", ""gene_symbol:TEAD3"", ""gene_symbol:PCNA"", ""gene_symbol:RFC4"", ""gene_symbol:CASP2"", ""gene_symbol:PML"", ""gene_symbol:ATM"", ""gene_symbol:NFYA"", ""gene_symbol:H3-3A"", ""gene_symbol:KMT5A"", ""gene_symbol:CDKN1A"", ""gene_symbol:RHNO1"", ""gene_symbol:CDK4"", ""gene_symbol:TAF15"", ""gene_symbol:ERBB2"", ""gene_symbol:UBE2S"", ""gene_symbol:EED"", ""gene_symbol:TXNRD1"", ""gene_symbol:KCTD15"", ""gene_symbol:HES1"", ""gene_symbol:CSF1R"", ""gene_symbol:TFDP1"", 
""gene_symbol:H2BC11"", ""gene_symbol:GATAD2A"", ""gene_symbol:CAV1"", ""gene_symbol:NOTCH4"", ""gene_symbol:HDAC7"", ""gene_symbol:MAML1"", ""gene_symbol:PSME1"", ""gene_symbol:CDC7"", ""gene_symbol:MDC1"", ""gene_symbol:RPS27A"", ""gene_symbol:YAP1"", ""gene_symbol:ZNF710"", ""gene_symbol:KLF4"", ""gene_symbol:RPA3"", ""gene_symbol:TCF12"", ""gene_symbol:ELF2"", ""gene_symbol:HSPD1"", ""gene_symbol:FANCD2"", ""gene_symbol:FANCI"", ""gene_symbol:CCND3"", ""gene_symbol:E2F1"", ""gene_symbol:SSRP1"", ""gene_symbol:PSMA5"", ""gene_symbol:ZNF184"", 
""gene_symbol:NLRC4"", ""gene_symbol:WDR5"", ""gene_symbol:MED12"", ""gene_symbol:GADD45A"", ""gene_symbol:LDB1"", ""gene_symbol:XPO1"", ""gene_symbol:PSME4"", ""gene_symbol:PCGF6"", ""gene_symbol:YBX1"", ""gene_symbol:ZNF496"", ""gene_symbol:RAD9A"", ""gene_symbol:RPA2"", ""gene_symbol:SMARCC1"", ""gene_symbol:RMI2"", ""gene_symbol:E2F4"", ""gene_symbol:PRDX1"", ""gene_symbol:POLR2A"", ""gene_symbol:TCF7L1"", ""gene_symbol:CCNE2"", ""gene_symbol:ARNT"", ""gene_symbol:AXIN1"", ""gene_symbol:VDR"", ""gene_symbol:TRIM28"", ""gene_symbol:SMAD4"", 
""gene_symbol:DEK"", ""gene_symbol:RAD51"", ""gene_symbol:CTDP1"", ""gene_symbol:PHC2"", ""gene_symbol:RARA"", ""gene_symbol:SUZ12"", ""gene_symbol:YES1"", ""gene_symbol:ATR"", ""gene_symbol:NR1H3"", ""gene_symbol:MRE11"", ""gene_symbol:TOP3A"", ""gene_symbol:CENPJ"", ""gene_symbol:PSME2"", ""gene_symbol:SMARCE1"", ""gene_symbol:RAD50"", ""gene_symbol:RABGGTB"", ""gene_symbol:NOC2L"", ""gene_symbol:BAX"", ""gene_symbol:LEF1"", ""gene_symbol:ZNF692"", ""gene_symbol:ZNF266"", ""gene_symbol:PCGF5"", ""gene_symbol:HDAC3"", ""gene_symbol:PSMB10"", 
""gene_symbol:PRMT1"", ""gene_symbol:G6PD"", ""gene_symbol:RBM14"", ""gene_symbol:CDK8"", ""gene_symbol:PCGF2"", ""gene_symbol:RFC2"", ""gene_symbol:ELOA"", ""gene_symbol:CNOT6"", ""gene_symbol:AKT1"", ""gene_symbol:SEM1"", ""gene_symbol:SOX9"", ""gene_symbol:BMI1"", ""gene_symbol:NR2F6"", ""gene_symbol:H3C14"", ""gene_symbol:CNOT9"", ""gene_symbol:PPP2R1B"", ""gene_symbol:IRAK1"", ""gene_symbol:PTPN1"", ""gene_symbol:H2AX"", ""gene_symbol:NAMPT"", ""gene_symbol:RPA1"", ""gene_symbol:TAF4"", ""gene_symbol:NELFA"", ""gene_symbol:COL1A1"", ""gene_symbol:EHMT1"", 
""gene_symbol:DAXX"", ""gene_symbol:FKBP5"", ""gene_symbol:CDK12"", ""gene_symbol:KMT2D"", ""gene_symbol:SESN2"", ""gene_symbol:SFN"", ""gene_symbol:RAD17"", ""gene_symbol:TJP1"", ""gene_symbol:PSMA7"", ""gene_symbol:BID"", ""gene_symbol:ZNF560"", ""gene_symbol:RBBP4"", ""gene_symbol:VEGFA"", ""gene_symbol:PLK3"", ""gene_symbol:PSMA4"", ""gene_symbol:UBE2I"", ""gene_symbol:H2AJ"", ""gene_symbol:PSMA1"", ""gene_symbol:POLR2D"", ""gene_symbol:ZNF263"", ""gene_symbol:SMURF2"", ""gene_symbol:ZNF250"", ""gene_symbol:POLR2F"", ""gene_symbol:ARID2"", 
""gene_symbol:SMAD1"", ""gene_symbol:NELFE"", ""gene_symbol:MED10"", ""gene_symbol:SIN3A"", ""gene_symbol:ZNF764"", ""gene_symbol:ESR1"", ""gene_symbol:ZNF740"", ""gene_symbol:ZKSCAN3"", ""gene_symbol:TBL1X"", ""gene_symbol:ARID3A"", ""gene_symbol:PMAIP1"", ""gene_symbol:MAML2"", ""gene_symbol:NOTCH3"", ""gene_symbol:DPY30"", ""gene_symbol:CHD4"", ""gene_symbol:SOCS4"", ""gene_symbol:CBX3"", ""gene_symbol:GATA2"", ""gene_symbol:STEAP3"", ""gene_symbol:TCF7L2"", ""gene_symbol:CNOT3"", ""gene_symbol:ANAPC1"", ""gene_symbol:SETD1A"", ""gene_symbol:GTF2H1"", 
""gene_symbol:PPARD"", ""gene_symbol:CDC26"", ""gene_symbol:PARP1"", ""gene_symbol:TNRC6A"", ""gene_symbol:ANAPC4"", ""gene_symbol:CDC23"", ""gene_symbol:MED1"", ""gene_symbol:ZNF566"", ""gene_symbol:BRPF1"", ""gene_symbol:ZNF557"", ""gene_symbol:TAF2"", ""gene_symbol:JUN"", ""gene_symbol:POLR2H"", ""gene_symbol:MDM2"", ""gene_symbol:HDAC6"", ""gene_symbol:BRD7"", ""gene_symbol:CCNT1"", ""gene_symbol:CCND2"", ""gene_symbol:MLH1"", ""gene_symbol:SMAD7"", ""gene_symbol:CCNE1"", ""gene_symbol:BRD1"", ""gene_symbol:PRMT6"", ""gene_symbol:PRELID1"", 
""gene_symbol:ASH2L"", ""gene_symbol:PSMB3"", ""gene_symbol:PSMD11"", ""gene_symbol:NCOR2"", ""gene_symbol:TP53INP1"", ""gene_symbol:TAF12"", ""gene_symbol:ZNF544"", ""gene_symbol:TAF4B"", ""gene_symbol:ZNF761"", ""gene_symbol:SCO1"", ""gene_symbol:E2F5"", ""gene_symbol:YY1"", ""gene_symbol:ZNF519"", ""gene_symbol:KMT2B"", ""gene_symbol:PSMB2"", ""gene_symbol:TMEM219"", ""gene_symbol:MAP2K6"", ""gene_symbol:PRKAB1"", ""gene_symbol:PSMA3"", ""gene_symbol:POLR2G"", ""gene_symbol:RAD1"", ""gene_symbol:SMAD2"", ""gene_symbol:KAT2A"", ""gene_symbol:COX20"", 
""gene_symbol:PSMD4"", ""gene_symbol:ATXN3"", ""gene_symbol:ZNF703"", ""gene_symbol:TNFRSF18"", ""gene_symbol:SUPT16H"", ""gene_symbol:KAT6A"", ""gene_symbol:MAX"", ""gene_symbol:CSNK2A2"", ""gene_symbol:ARID1A"", ""gene_symbol:JUNB"", ""gene_symbol:ZNF282"", ""gene_symbol:MAPKAPK5"", ""gene_symbol:TAF5"", ""gene_symbol:RNF2"", ""gene_symbol:CCNG2"", ""gene_symbol:GPS2"", ""gene_symbol:MED13"", ""gene_symbol:ING5"", ""gene_symbol:MSH2"", ""gene_symbol:CDC27"", ""gene_symbol:AGO2"", ""gene_symbol:H4C16"", ""gene_symbol:PRDX2"", ""gene_symbol:LAMTOR2"", 
""gene_symbol:ERCC2"", ""gene_symbol:LMO2"", ""gene_symbol:TCEA1"", ""gene_symbol:PHC1"", ""gene_symbol:ZNF664"", ""gene_symbol:CDC16"", ""gene_symbol:PSME3"", ""gene_symbol:CCNK"", ""gene_symbol:CNOT6L"", ""gene_symbol:MEN1"", ""gene_symbol:EP300"", ""gene_symbol:TBL1XR1"", ""gene_symbol:HUS1"", ""gene_symbol:CNOT1"", ""gene_symbol:LAMTOR3"", ""gene_symbol:PSMB4"", ""gene_symbol:SIRT1"", ""gene_symbol:GTF2H2"", ""gene_symbol:TAF10"", ""gene_symbol:CDK13"", ""gene_symbol:BBC3"", ""gene_symbol:ZFP69"", ""gene_symbol:NR2C2AP"", ""gene_symbol:PBRM1"", 
""gene_symbol:WRN"", ""gene_symbol:RRAGC"", ""gene_symbol:TNKS1BP1"", ""gene_symbol:E2F6"", ""gene_symbol:ZNF606"", ""gene_symbol:SKIL"", ""gene_symbol:MED26"", ""gene_symbol:PSMC4"", ""gene_symbol:ZNF213"", ""gene_symbol:ZNF160"", ""gene_symbol:ZNF234"", ""gene_symbol:PF4"", ""gene_symbol:TBP"", ""gene_symbol:AGO1"", ""gene_symbol:UBE2D3"", ""gene_symbol:PSMD2"", ""gene_symbol:MED17"", ""gene_symbol:USP7"", ""gene_symbol:DGCR8"", ""gene_symbol:AK6"", ""gene_symbol:SMURF1"", ""gene_symbol:ZNF202"", ""gene_symbol:POLR2K"", ""gene_symbol:GTF2H3"", 
""gene_symbol:CSNK2A1"", ""gene_symbol:TAF13"", ""gene_symbol:CR1"", ""gene_symbol:CNOT8"", ""gene_symbol:CREB1"", ""gene_symbol:KAT2B"", ""gene_symbol:CDK9"", ""gene_symbol:SMARCA4"", ""gene_symbol:TAF6"", ""gene_symbol:MED8"", ""gene_symbol:RNF111"", ""gene_symbol:ERCC3"", ""gene_symbol:ZNF317"", ""gene_symbol:PSMA2"", ""gene_symbol:PSMD9"", ""gene_symbol:PSMA6"", ""gene_symbol:ZNF20"", ""gene_symbol:SMYD2"", ""gene_symbol:SIN3B"", ""gene_symbol:ZFP28"", ""gene_symbol:MED7"", ""gene_symbol:POLR2E"", ""gene_symbol:ANAPC15"", ""gene_symbol:SMAD3"", 
""gene_symbol:RBBP7"", ""gene_symbol:ANAPC10"", ""gene_symbol:CNOT2"", ""gene_symbol:EHMT2"", ""gene_symbol:ZIK1"", ""gene_symbol:PSMD7"", ""gene_symbol:ZNF696"", ""gene_symbol:RXRA"", ""gene_symbol:PSMD1"", ""gene_symbol:MDM4"", ""gene_symbol:TAF9"", ""gene_symbol:RMI1"", ""gene_symbol:GTF2F1"", ""gene_symbol:GATAD2B"", ""gene_symbol:MGA"", ""gene_symbol:NELFB"", ""gene_symbol:ZNF443"", ""gene_symbol:ZNF334"", ""gene_symbol:CBX5"", ""gene_symbol:ZNF490"", ""gene_symbol:CNOT10"", ""gene_symbol:PRKAA1"", ""gene_symbol:PSMD14"", ""gene_symbol:PCBP4"", 
""gene_symbol:STK11"", ""gene_symbol:ZNF668"", ""gene_symbol:ZNF691"", ""gene_symbol:FOXO4"", ""gene_symbol:RFFL"", ""gene_symbol:BRD2"", ""gene_symbol:PSMD12"", ""gene_symbol:ZNF267"", ""gene_symbol:CDKN1B"", ""gene_symbol:UBE2D1"", ""gene_symbol:POLR2B"", ""gene_symbol:MED30"", ""gene_symbol:NFATC2"", ""gene_symbol:TAF3"", ""gene_symbol:ZNF426"", ""gene_symbol:TAF1"", ""gene_symbol:BANP"", ""gene_symbol:NRBP1"", ""gene_symbol:PSMD8"", ""gene_symbol:SOX2"", ""gene_symbol:SRF"", ""gene_symbol:NR1H2"", ""gene_symbol:ANAPC5"", ""gene_symbol:HDAC10"", 
""gene_symbol:PSMB6"", ""gene_symbol:HDAC2"", ""gene_symbol:POLR2J"", ""gene_symbol:POLR2C"", ""gene_symbol:CLDN5"", ""gene_symbol:SGK1"", ""gene_symbol:FOXO1"", ""gene_symbol:ANAPC11"", ""gene_symbol:ABL1"", ""gene_symbol:CITED2"", ""gene_symbol:FOXP3"", ""gene_symbol:FAS"", ""gene_symbol:ANAPC7"", ""gene_symbol:MED6"", ""gene_symbol:MNAT1"", ""gene_symbol:ZNF790"", ""gene_symbol:ZNF14"", ""gene_symbol:PSMD13"", ""gene_symbol:CARM1"", ""gene_symbol:PSMC6"", ""gene_symbol:MED31"", ""gene_symbol:SETD1B"", ""gene_symbol:ITGA2B"", ""gene_symbol:TRIM33"", 
""gene_symbol:CNOT4"", ""gene_symbol:RAD51D"", ""gene_symbol:RYBP"", ""gene_symbol:MAPK14"", ""gene_symbol:MAF"", ""gene_symbol:ZNF746"", ""gene_symbol:ZNF3"", ""gene_symbol:SUMO1"", ""gene_symbol:ZNF565"", ""gene_symbol:EGFR"", ""gene_symbol:TP53BP2"", ""gene_symbol:HIPK1"", ""gene_symbol:ZFP90"", ""gene_symbol:PSMD10"", ""gene_symbol:ZNF777"", ""gene_symbol:PHC3"", ""gene_symbol:ITCH"", ""gene_symbol:PSMB1"", ""gene_symbol:CNOT11"", ""gene_symbol:ZNF253"", ""gene_symbol:PSMD3"", ""gene_symbol:CREBBP"", ""gene_symbol:MED15"", ""gene_symbol:CSNK2B"", 
""gene_symbol:POLR2I"", ""gene_symbol:PRDX5"", ""gene_symbol:MED20"", ""gene_symbol:LAMTOR5"", ""gene_symbol:ELL"", ""gene_symbol:ZNF25"", ""gene_symbol:PTEN"", ""gene_symbol:ZNF721"", ""gene_symbol:POLR2L"", ""gene_symbol:ZNF605"", ""gene_symbol:CUL1"", ""gene_symbol:ZNF212"", ""gene_symbol:NBN"", ""gene_symbol:LRPPRC"", ""gene_symbol:CCNC"", ""gene_symbol:TAL1"", ""gene_symbol:PSMC2"", ""gene_symbol:GTF2F2"", ""gene_symbol:RFC5"", ""gene_symbol:MAPKAP1"", ""gene_symbol:PSMB7"", ""gene_symbol:H2AZ2"", ""gene_symbol:PSMD5"", ""gene_symbol:EPC1"", 
""gene_symbol:ZNF521"", ""gene_symbol:SCO2"", ""gene_symbol:MED14"", ""gene_symbol:PSMC3"", ""gene_symbol:MED25"", ""gene_symbol:COX7A2L"", ""gene_symbol:ZNF689"", ""gene_symbol:GTF2H4"", ""gene_symbol:ATRIP"", ""gene_symbol:ZNF655"", ""gene_symbol:NR2C1"", ""gene_symbol:LAMTOR1"", ""gene_symbol:TRIAP1"", ""gene_symbol:ARNTL"", ""gene_symbol:PMS2"")","0.0840197693574959","0.221529175050302","-0.846153846153846","-1.43865291090931","101","2","c(""hmdb:HMDB0003423"", ""hmdb:HMDB0000641"")"
"22","Glutamate Neurotransmitter Release Cycle(reactome)","4.16357391416131e-09","8.72001839253067e-08","0.761460801445585","-0.73321450028474","-3.17088016863953","24","c(""gene_symbol:SLC17A7"", ""gene_symbol:SNAP25"", ""gene_symbol:CPLX1"", ""gene_symbol:RIMS1"", ""gene_symbol:SYT1"", ""gene_symbol:STX1A"", ""gene_symbol:PPFIA3"", ""gene_symbol:SLC1A2"", ""gene_symbol:PPFIA2"", ""gene_symbol:RAB3A"", ""gene_symbol:SLC1A1"", ""gene_symbol:TSPOAP1"", ""gene_symbol:UNC13B"", ""gene_symbol:VAMP2"", ""gene_symbol:STXBP1"")","0.0840197693574959","0.221529175050302","-0.846153846153846","-1.43865291090931","101","2","c(""hmdb:HMDB0003423"", ""hmdb:HMDB0000641"")"
"23","Glycine metabolism(wiki)","0.0415918611609815","0.105766600860179","0.120878606149865","0.834654773703337","1.43668286522653","3","c(""gene_symbol:SHMT2"", ""gene_symbol:SHMT1"", ""gene_symbol:MTHFR"")","0.186234817813765","0.350503477628984","-0.924050632911392","-1.21595510167357","275","1","hmdb:HMDB0000064"
"24","Highly sodium permeable postsynaptic acetylcholine nicotinic receptors(reactome)","0.013855421686747","0.0424019506802799","0.303436713626157","-0.889741361347313","-1.68211898525582","3","gene_symbol:CHRNA4","0.0973684210526316","0.221529175050302","0.962025316455696","1.28412364712295","147","1","hmdb:HMDB0000895"
"25","Insulin processing(reactome)","0.00650893502307126","0.0226619698501475","0.407017918923954","-0.419314123317524","-1.78322776020221","22","c(""gene_symbol:PCSK2"", ""gene_symbol:KIF5A"", ""gene_symbol:STX1A"", ""gene_symbol:MYRIP"", ""gene_symbol:PCSK1"", ""gene_symbol:VAMP2"", ""gene_symbol:KIF5C"")","0.00610771793448084","0.0707441802451497","0.961538461538462","1.45962553114004","10","2","c(""hmdb:HMDB0000182"", ""hmdb:HMDB0003405"")"
"26","Integration of energy metabolism(reactome)","4.9235951971362e-08","8.41337355025283e-07","0.719512826338911","-0.352499823289754","-2.1342510304316","98","c(""gene_symbol:ADCY1"", ""gene_symbol:SNAP25"", ""gene_symbol:KCNB1"", ""gene_symbol:RAPGEF4"", ""gene_symbol:CHRM3"", ""gene_symbol:ADRA2C"", ""gene_symbol:PLCB1"", ""gene_symbol:KCNC2"", ""gene_symbol:STX1A"", ""gene_symbol:ADCY5"", ""gene_symbol:ADCY2"", ""gene_symbol:KCNJ11"", ""gene_symbol:AKAP5"", ""gene_symbol:ABCC8"", ""gene_symbol:PRKAR1B"", ""gene_symbol:CACNA1A"", ""gene_symbol:GNG7"", ""gene_symbol:CACNA1E"", ""gene_symbol:ADCY9"", ""gene_symbol:GNAI1"", ""gene_symbol:SYT5"", ""gene_symbol:GNG3"", ""gene_symbol:CACNB2"", ""gene_symbol:CACNA1C"", 
""gene_symbol:ITPR1"", ""gene_symbol:ADCY8"", ""gene_symbol:VAMP2"", ""gene_symbol:STXBP1"", ""gene_symbol:KCNS3"", ""gene_symbol:CACNA1D"", ""gene_symbol:PRKCA"", ""gene_symbol:PRKAA2"", ""gene_symbol:GNB5"", ""gene_symbol:GNG4"")","0.2551261829653","0.445543136241957","0.598199366698134","1.1893513639157","646","8","c(""hmdb:HMDB0000895"", ""hmdb:HMDB0000618"", ""hmdb:HMDB0000868"", ""hmdb:HMDB0001548"", ""hmdb:HMDB0011734"", ""hmdb:HMDB0257215"")"
"27","Integration of energy metabolism(wiki)","4.9235951971362e-08","8.41337355025283e-07","0.719512826338911","-0.352499823289754","-2.1342510304316","98","c(""gene_symbol:ADCY1"", ""gene_symbol:SNAP25"", ""gene_symbol:KCNB1"", ""gene_symbol:RAPGEF4"", ""gene_symbol:CHRM3"", ""gene_symbol:ADRA2C"", ""gene_symbol:PLCB1"", ""gene_symbol:KCNC2"", ""gene_symbol:STX1A"", ""gene_symbol:ADCY5"", ""gene_symbol:ADCY2"", ""gene_symbol:KCNJ11"", ""gene_symbol:AKAP5"", ""gene_symbol:ABCC8"", ""gene_symbol:PRKAR1B"", ""gene_symbol:CACNA1A"", ""gene_symbol:GNG7"", ""gene_symbol:CACNA1E"", ""gene_symbol:ADCY9"", ""gene_symbol:GNAI1"", ""gene_symbol:SYT5"", ""gene_symbol:GNG3"", ""gene_symbol:CACNB2"", ""gene_symbol:CACNA1C"", 
""gene_symbol:ITPR1"", ""gene_symbol:ADCY8"", ""gene_symbol:VAMP2"", ""gene_symbol:STXBP1"", ""gene_symbol:KCNS3"", ""gene_symbol:CACNA1D"", ""gene_symbol:PRKCA"", ""gene_symbol:PRKAA2"", ""gene_symbol:GNB5"", ""gene_symbol:GNG4"")","0.2551261829653","0.445543136241957","0.598199366698134","1.1893513639157","646","8","c(""hmdb:HMDB0000895"", ""hmdb:HMDB0000618"", ""hmdb:HMDB0000868"", ""hmdb:HMDB0001548"", ""hmdb:HMDB0011734"", ""hmdb:HMDB0257215"")"
"28","Interconversion of nucleotide di- and triphosphates(reactome)","0.000243091901455421","0.00138983409993118","0.518848077743792","0.600560335161648","1.83286245778081","29","c(""gene_symbol:RRM2"", ""gene_symbol:TYMS"", ""gene_symbol:RRM1"", ""gene_symbol:AK2"", ""gene_symbol:TXN"", ""gene_symbol:NME1-NME2"", ""gene_symbol:DCTD"", ""gene_symbol:NME4"", ""gene_symbol:GSR"", ""gene_symbol:DCTPP1"", ""gene_symbol:TXNRD1"", ""gene_symbol:DTYMK"")","0.0840197693574959","0.221529175050302","-0.846153846153846","-1.43865291090931","101","2","c(""hmdb:HMDB0003423"", ""hmdb:HMDB0000641"")"
"29","Interconversion of nucleotide di- and triphosphates(wiki)","0.000243091901455421","0.00138983409993118","0.518848077743792","0.600560335161648","1.83286245778081","29","c(""gene_symbol:RRM2"", ""gene_symbol:TYMS"", ""gene_symbol:RRM1"", ""gene_symbol:AK2"", ""gene_symbol:TXN"", ""gene_symbol:NME1-NME2"", ""gene_symbol:DCTD"", ""gene_symbol:NME4"", ""gene_symbol:GSR"", ""gene_symbol:DCTPP1"", ""gene_symbol:TXNRD1"", ""gene_symbol:DTYMK"")","0.0840197693574959","0.221529175050302","-0.846153846153846","-1.43865291090931","101","2","c(""hmdb:HMDB0003423"", ""hmdb:HMDB0000641"")"
"30","Metabolism of water-soluble vitamins and cofactors(reactome)","0.0374170187085094","0.0973939479958905","0.103942573629274","0.364378425243443","1.30953545574419","108","c(""gene_symbol:ACP5"", ""gene_symbol:PARP14"", ""gene_symbol:MTHFD2"", ""gene_symbol:BST1"", ""gene_symbol:PARP9"", ""gene_symbol:CUBN"", ""gene_symbol:DHFR"", ""gene_symbol:PARP10"", ""gene_symbol:FPGS"", ""gene_symbol:GSTO1"", ""gene_symbol:SHMT2"", ""gene_symbol:SHMT1"", ""gene_symbol:PARP16"", ""gene_symbol:NT5E"", ""gene_symbol:PARP8"", ""gene_symbol:CD38"", ""gene_symbol:ABCC1"", ""gene_symbol:MTHFD1L"", ""gene_symbol:ALDH1L2"", ""gene_symbol:NADK"", ""gene_symbol:PARP4"", ""gene_symbol:LDLRAP1"", ""gene_symbol:MTRR"", ""gene_symbol:MTR"", 
""gene_symbol:MTHFR"", ""gene_symbol:MTHFD2L"", ""gene_symbol:NAMPT"", ""gene_symbol:PTGS2"", ""gene_symbol:SLC52A1"", ""gene_symbol:MTHFD1"", ""gene_symbol:SLC19A1"", ""gene_symbol:SLC25A32"", ""gene_symbol:NADSYN1"", ""gene_symbol:LRP2"", ""gene_symbol:ABCD4"", ""gene_symbol:MTHFS"", ""gene_symbol:CYB5R3"", ""gene_symbol:PANK3"", ""gene_symbol:PPCDC"", ""gene_symbol:MMADHC"", ""gene_symbol:CD320"", ""gene_symbol:MOCS1"", ""gene_symbol:COASY"", ""gene_symbol:PANK4"", ""gene_symbol:PANK2"", ""gene_symbol:AASDHPPT"", ""gene_symbol:NMRK1"", ""gene_symbol:TCN2"", 
""gene_symbol:ACACA"", ""gene_symbol:AOX1"", ""gene_symbol:FASN"", ""gene_symbol:RNLS"", ""gene_symbol:NMNAT1"", ""gene_symbol:MOCOS"")","0.00704225352112676","0.0707441802451497","0.868940936708915","1.56384618608072","15","5","c(""hmdb:HMDB0000182"", ""hmdb:HMDB0003405"")"
"31","Monoamine GPCRs(wiki)","5.29091746674824e-10","1.27106511377646e-08","0.801215574617779","-0.762658106491197","-3.29821282092209","24","c(""gene_symbol:CHRM1"", ""gene_symbol:DRD1"", ""gene_symbol:ADRA1D"", ""gene_symbol:CHRM3"", ""gene_symbol:ADRA2C"", ""gene_symbol:DRD2"", ""gene_symbol:HTR5A"", ""gene_symbol:CHRM4"", ""gene_symbol:HTR2A"", ""gene_symbol:ADRB1"", ""gene_symbol:HTR1A"", ""gene_symbol:CHRM2"", ""gene_symbol:HTR2C"", ""gene_symbol:ADRA1A"", ""gene_symbol:HRH1"", ""gene_symbol:HTR1D"")","0.101610216546363","0.221529175050302","0.878145627472314","1.33303432903428","182","2","c(""hmdb:HMDB0000895"", ""hmdb:HMDB0000259"")"
"32","Muscarinic acetylcholine receptors(reactome)","0.000277480067046867","0.00155236793673891","0.49849310876659","-0.93403446946754","-2.02264035859198","4","c(""gene_symbol:CHRM1"", ""gene_symbol:CHRM3"", ""gene_symbol:CHRM4"", ""gene_symbol:CHRM2"")","0.0973684210526316","0.221529175050302","0.962025316455696","1.28412364712295","147","1","hmdb:HMDB0000895"
"33","Na+/Cl- dependent neurotransmitter transporters(reactome)","0.017721809432871","0.0525224018315276","0.352487857583619","-0.552361108340715","-1.707316223812","9","c(""gene_symbol:SLC6A7"", ""gene_symbol:SLC6A1"", ""gene_symbol:SLC6A20"", ""gene_symbol:SLC6A13"", ""gene_symbol:SLC6A11"")","0.0096830985915493","0.0826441205371765","0.857217762143509","1.54274781096871","21","5","c(""hmdb:HMDB0000182"", ""hmdb:HMDB0003405"")"
"34","Neurotransmitter release cycle(reactome)","4.52482921241716e-15","2.43150032940943e-13","0.996986217533181","-0.683703161094386","-3.56547335767001","47","c(""gene_symbol:SLC17A7"", ""gene_symbol:SNAP25"", ""gene_symbol:CPLX1"", ""gene_symbol:RIMS1"", ""gene_symbol:SYT1"", ""gene_symbol:STX1A"", ""gene_symbol:PPFIA3"", ""gene_symbol:SYN1"", ""gene_symbol:SLC1A2"", ""gene_symbol:SYN2"", ""gene_symbol:PPFIA2"", ""gene_symbol:LIN7A"", ""gene_symbol:RAB3A"", ""gene_symbol:LIN7B"", ""gene_symbol:APBA1"", ""gene_symbol:SLC1A1"", ""gene_symbol:SLC6A1"", ""gene_symbol:TSPOAP1"", ""gene_symbol:GAD1"", ""gene_symbol:CHAT"", ""gene_symbol:UNC13B"", ""gene_symbol:SLC5A7"", ""gene_symbol:VAMP2"", ""gene_symbol:SLC32A1"", 
""gene_symbol:STXBP1"", ""gene_symbol:ABAT"", ""gene_symbol:SLC6A13"", ""gene_symbol:SLC6A11"", ""gene_symbol:GAD2"", ""gene_symbol:SLC1A6"", ""gene_symbol:ALDH5A1"", ""gene_symbol:GLS2"")","0.099488609948861","0.221529175050302","0.774120995993479","1.33307223303198","213","4","c(""hmdb:HMDB0000895"", ""hmdb:HMDB0000259"")"
"35","Neurotransmitter release cycle(wiki)","8.66995333686708e-12","2.83264715422121e-10","0.875325132024659","-0.688471157321826","-3.34878077029395","37","c(""gene_symbol:SLC17A7"", ""gene_symbol:SNAP25"", ""gene_symbol:CPLX1"", ""gene_symbol:RIMS1"", ""gene_symbol:SYT1"", ""gene_symbol:STX1A"", ""gene_symbol:PPFIA3"", ""gene_symbol:SYN1"", ""gene_symbol:SLC1A2"", ""gene_symbol:SYN2"", ""gene_symbol:PPFIA2"", ""gene_symbol:LIN7A"", ""gene_symbol:RAB3A"", ""gene_symbol:LIN7B"", ""gene_symbol:APBA1"", ""gene_symbol:SLC1A1"", ""gene_symbol:TSPOAP1"", ""gene_symbol:CHAT"", ""gene_symbol:UNC13B"", ""gene_symbol:SLC5A7"", ""gene_symbol:VAMP2"", ""gene_symbol:STXBP1"")","0.099488609948861","0.221529175050302","0.774120995993479","1.33307223303198","213","4","c(""hmdb:HMDB0000895"", ""hmdb:HMDB0000259"")"
"36","Nicotinate metabolism(reactome)","0.00288036541913542","0.011365615818115","0.431707695803346","0.559379395550401","1.67089974717433","26","c(""gene_symbol:PARP14"", ""gene_symbol:BST1"", ""gene_symbol:PARP9"", ""gene_symbol:PARP10"", ""gene_symbol:PARP16"", ""gene_symbol:NT5E"", ""gene_symbol:PARP8"", ""gene_symbol:CD38"", ""gene_symbol:NADK"", ""gene_symbol:PARP4"", ""gene_symbol:NAMPT"", ""gene_symbol:PTGS2"")","0.0840197693574959","0.221529175050302","-0.846153846153846","-1.43865291090931","101","2","c(""hmdb:HMDB0003423"", ""hmdb:HMDB0000641"")"
"37","Nicotinate metabolism(wiki)","0.00288036541913542","0.011365615818115","0.431707695803346","0.559379395550401","1.67089974717433","26","c(""gene_symbol:PARP14"", ""gene_symbol:BST1"", ""gene_symbol:PARP9"", ""gene_symbol:PARP10"", ""gene_symbol:PARP16"", ""gene_symbol:NT5E"", ""gene_symbol:PARP8"", ""gene_symbol:CD38"", ""gene_symbol:NADK"", ""gene_symbol:PARP4"", ""gene_symbol:NAMPT"", ""gene_symbol:PTGS2"")","0.0840197693574959","0.221529175050302","-0.846153846153846","-1.43865291090931","101","2","c(""hmdb:HMDB0003423"", ""hmdb:HMDB0000641"")"
"38","Nucleobase biosynthesis(wiki)","0.0029089839176014","0.0114564033939095","0.431707695803346","0.639757666327592","1.71307655237454","15","c(""gene_symbol:CAD"", ""gene_symbol:IMPDH2"", ""gene_symbol:ATIC"", ""gene_symbol:UMPS"", ""gene_symbol:PFAS"", ""gene_symbol:GART"", ""gene_symbol:PPAT"", ""gene_symbol:ADSL"", ""gene_symbol:GMPS"", ""gene_symbol:PAICS"", ""gene_symbol:ADSS"")","0.0420560747663551","0.194122832794593","-0.710526315789474","-1.6084140361726","35","4","c(""hmdb:HMDB0003423"", ""hmdb:HMDB0000641"", ""hmdb:HMDB0062575"", ""hmdb:HMDB0001235"")"
"39","Nucleotide biosynthesis(reactome)","0.00460617227084293","0.0168713969095269","0.326032618485277","0.64418476407949","1.70301617262381","14","c(""gene_symbol:CAD"", ""gene_symbol:IMPDH2"", ""gene_symbol:ATIC"", ""gene_symbol:UMPS"", ""gene_symbol:PFAS"", ""gene_symbol:GART"", ""gene_symbol:PPAT"", ""gene_symbol:ADSL"", ""gene_symbol:GMPS"", ""gene_symbol:PAICS"", ""gene_symbol:ADSS"")","0.0420560747663551","0.194122832794593","-0.710526315789474","-1.6084140361726","35","4","c(""hmdb:HMDB0003423"", ""hmdb:HMDB0000641"", ""hmdb:HMDB0062575"", ""hmdb:HMDB0001235"")"
"40","p75 NTR receptor-mediated signaling(wiki)","0.0134863123993559","0.0414744727703083","0.175732637113527","0.392336621866505","1.39900243098975","95","c(""gene_symbol:ECT2"", ""gene_symbol:PLEKHG2"", ""gene_symbol:NFKB1"", ""gene_symbol:NGF"", ""gene_symbol:VAV1"", ""gene_symbol:CASP3"", ""gene_symbol:ADAM17"", ""gene_symbol:FGD2"", ""gene_symbol:BCL2L11"", ""gene_symbol:MYD88"", ""gene_symbol:HDAC1"", ""gene_symbol:AKAP13"", ""gene_symbol:RELA"", ""gene_symbol:AATF"", ""gene_symbol:ARHGEF40"", ""gene_symbol:RIPK2"", ""gene_symbol:ARHGEF1"", ""gene_symbol:CASP2"", ""gene_symbol:RPS27A"", ""gene_symbol:NFKBIA"", ""gene_symbol:VAV2"", ""gene_symbol:ARHGEF39"", ""gene_symbol:APH1A"", ""gene_symbol:HDAC3"", 
""gene_symbol:NET1"", ""gene_symbol:IRAK1"", ""gene_symbol:GNA13"", ""gene_symbol:RHOA"", ""gene_symbol:ARHGEF19"", ""gene_symbol:NCSTN"", ""gene_symbol:ARHGEF2"", ""gene_symbol:IKBKB"", ""gene_symbol:PRDM4"", ""gene_symbol:FGD3"", ""gene_symbol:ARHGEF6"")","0.0427631578947368","0.194122832794593","0.987341772151899","1.31791637467881","64","1","hmdb:HMDB0001565"
"41","p75 NTR receptor-mediated signalling(reactome)","0.0235554660761023","0.066667029421207","0.132096503733279","0.380598571027606","1.35761881862934","96","c(""gene_symbol:ECT2"", ""gene_symbol:PLEKHG2"", ""gene_symbol:NFKB1"", ""gene_symbol:NGF"", ""gene_symbol:VAV1"", ""gene_symbol:CASP3"", ""gene_symbol:ADAM17"", ""gene_symbol:FGD2"", ""gene_symbol:BCL2L11"", ""gene_symbol:MYD88"", ""gene_symbol:HDAC1"", ""gene_symbol:AKAP13"", ""gene_symbol:RELA"", ""gene_symbol:AATF"", ""gene_symbol:ARHGEF40"", ""gene_symbol:RIPK2"", ""gene_symbol:ARHGEF1"", ""gene_symbol:CASP2"", ""gene_symbol:RPS27A"", ""gene_symbol:NFKBIA"", ""gene_symbol:VAV2"", ""gene_symbol:ARHGEF39"", ""gene_symbol:APH1A"", ""gene_symbol:HDAC3"", 
""gene_symbol:NET1"", ""gene_symbol:IRAK1"", ""gene_symbol:GNA13"", ""gene_symbol:RHOA"", ""gene_symbol:ARHGEF19"", ""gene_symbol:NCSTN"", ""gene_symbol:ARHGEF2"", ""gene_symbol:IKBKB"", ""gene_symbol:PRDM4"", ""gene_symbol:FGD3"", ""gene_symbol:ARHGEF6"")","0.0427631578947368","0.194122832794593","0.987341772151899","1.31791637467881","64","1","hmdb:HMDB0001565"
"42","Purine ribonucleoside monophosphate biosynthesis(reactome)","0.0152927120669056","0.0461948491725167","0.179890396499403","0.651474280889235","1.61782108729898","11","c(""gene_symbol:IMPDH2"", ""gene_symbol:ATIC"", ""gene_symbol:PFAS"", ""gene_symbol:GART"", ""gene_symbol:PPAT"", ""gene_symbol:ADSL"", ""gene_symbol:GMPS"", ""gene_symbol:PAICS"", ""gene_symbol:ADSS"")","0.0420560747663551","0.194122832794593","-0.710526315789474","-1.6084140361726","35","4","c(""hmdb:HMDB0003423"", ""hmdb:HMDB0000641"", ""hmdb:HMDB0062575"", ""hmdb:HMDB0001235"")"
"43","Pyrimidine metabolism and related diseases(wiki)","0.00928021729289271","0.0302236103861035","0.225771973684676","0.592900723923353","1.63213905854981","17","c(""gene_symbol:RRM2"", ""gene_symbol:TYMS"", ""gene_symbol:RRM1"", ""gene_symbol:CAD"", ""gene_symbol:UMPS"")","0.0993975903614458","0.221529175050302","-0.527027027027027","-1.4127888931947","65","6","c(""hmdb:HMDB0304156"", ""hmdb:HMDB0003423"", ""hmdb:HMDB0002031"", ""hmdb:HMDB0000641"", ""hmdb:HMDB0250742"", ""hmdb:HMDB0000904"")"
"44","Pyrimidine metabolism(wiki)","5.77117693764672e-06","5.55884118239368e-05","0.610526878385931","0.520008151263485","1.82245246247662","80","c(""gene_symbol:RRM2"", ""gene_symbol:POLA2"", ""gene_symbol:TK1"", ""gene_symbol:POLE"", ""gene_symbol:TYMS"", ""gene_symbol:POLA1"", ""gene_symbol:RRM1"", ""gene_symbol:CAD"", ""gene_symbol:POLD1"", ""gene_symbol:POLE2"", ""gene_symbol:UCK2"", ""gene_symbol:PNPT1"", ""gene_symbol:UPP1"", ""gene_symbol:NME1-NME2"", ""gene_symbol:PRIM1"", ""gene_symbol:DCTD"", ""gene_symbol:NME4"", ""gene_symbol:DCTPP1"", ""gene_symbol:UMPS"", ""gene_symbol:PRIM2"", ""gene_symbol:POLR1E"", ""gene_symbol:POLR1B"", ""gene_symbol:POLR2A"", ""gene_symbol:DTYMK"", 
""gene_symbol:POLR3G"", ""gene_symbol:ENTPD1"", ""gene_symbol:NME6"", ""gene_symbol:POLR3C"", ""gene_symbol:POLR1C"", ""gene_symbol:POLD2"", ""gene_symbol:POLD4"", ""gene_symbol:POLD3"", ""gene_symbol:POLR1D"", ""gene_symbol:DUT"", ""gene_symbol:DCK"", ""gene_symbol:UPRT"", ""gene_symbol:POLR1F"", ""gene_symbol:POLR2D"", ""gene_symbol:POLE3"")","0.0840197693574959","0.221529175050302","-0.846153846153846","-1.43865291090931","101","2","c(""hmdb:HMDB0003423"", ""hmdb:HMDB0000641"")"
"45","Regulation of insulin secretion(reactome)","6.06386348266912e-08","1.03186743596753e-06","0.704975715167238","-0.417606559346639","-2.36276207730282","71","c(""gene_symbol:SNAP25"", ""gene_symbol:KCNB1"", ""gene_symbol:RAPGEF4"", ""gene_symbol:CHRM3"", ""gene_symbol:ADRA2C"", ""gene_symbol:PLCB1"", ""gene_symbol:KCNC2"", ""gene_symbol:STX1A"", ""gene_symbol:ADCY5"", ""gene_symbol:KCNJ11"", ""gene_symbol:AKAP5"", ""gene_symbol:ABCC8"", ""gene_symbol:PRKAR1B"", ""gene_symbol:CACNA1A"", ""gene_symbol:GNG7"", ""gene_symbol:CACNA1E"", ""gene_symbol:GNAI1"", ""gene_symbol:SYT5"", ""gene_symbol:GNG3"", ""gene_symbol:CACNB2"", ""gene_symbol:CACNA1C"", ""gene_symbol:ITPR1"", ""gene_symbol:ADCY8"", ""gene_symbol:VAMP2"", 
""gene_symbol:STXBP1"", ""gene_symbol:KCNS3"", ""gene_symbol:CACNA1D"", ""gene_symbol:PRKCA"", ""gene_symbol:GNB5"", ""gene_symbol:GNG4"")","0.0973684210526316","0.221529175050302","0.962025316455696","1.28412364712295","147","1","hmdb:HMDB0000895"
"46","Secretion of hydrochloric acid in parietal cells(wiki)","0.0026257753146765","0.0105570740496733","0.431707695803346","-0.882838157567725","-1.91177536372871","4","c(""gene_symbol:CHRM1"", ""gene_symbol:CCKBR"")","0.0973684210526316","0.221529175050302","0.962025316455696","1.28412364712295","147","1","hmdb:HMDB0000895"
"47","Sensory perception of sweet, bitter, and umami (glutamate) taste(reactome)","0.00448080217968096","0.0164861226142496","0.407017918923954","-0.493073291781006","-1.87284112781552","16","c(""gene_symbol:SCN4B"", ""gene_symbol:SCN1B"", ""gene_symbol:SCN2A"", ""gene_symbol:SCN2B"", ""gene_symbol:GRM4"", ""gene_symbol:SCN3A"", ""gene_symbol:GRM1"")","0.00164744645799012","0.0707441802451497","-1","-1.70022616743827","1","2","c(""hmdb:HMDB0250657"", ""hmdb:HMDB0036931"")"
"48","Sensory perception of taste(reactome)","0.0030209928223622","0.0118632064293531","0.431707695803346","-0.492272969544259","-1.9543025532094","18","c(""gene_symbol:SCN4B"", ""gene_symbol:SCN1B"", ""gene_symbol:SCN2A"", ""gene_symbol:SCN2B"", ""gene_symbol:GRM4"", ""gene_symbol:SCN3A"", ""gene_symbol:GRM1"")","0.00164744645799012","0.0707441802451497","-1","-1.70022616743827","1","2","c(""hmdb:HMDB0250657"", ""hmdb:HMDB0036931"")"
"49","Sensory Perception(reactome)","7.51019546194334e-05","0.00051119397110961","0.538434096309916","-0.244374396271332","-1.60617493017636","148","c(""gene_symbol:SCN4B"", ""gene_symbol:SNAP25"", ""gene_symbol:BSN"", ""gene_symbol:SCN1B"", ""gene_symbol:RGS9"", ""gene_symbol:ATP2B2"", ""gene_symbol:KCNMA1"", ""gene_symbol:PCLO"", ""gene_symbol:STX1A"", ""gene_symbol:CABP1"", ""gene_symbol:SCN2A"", ""gene_symbol:SYN1"", ""gene_symbol:SYP"", ""gene_symbol:GPC5"", ""gene_symbol:KCNN2"", ""gene_symbol:TTR"", ""gene_symbol:RAB3A"", ""gene_symbol:LHX2"", ""gene_symbol:SCN2B"", ""gene_symbol:OTOF"", ""gene_symbol:REEP1"", ""gene_symbol:EPB41L3"", ""gene_symbol:GNAL"", ""gene_symbol:CACNB2"", ""gene_symbol:GRM4"", 
""gene_symbol:SCN3A"", ""gene_symbol:GRM1"", ""gene_symbol:VAMP2"", ""gene_symbol:SLC17A8"", ""gene_symbol:CACNA1D"", ""gene_symbol:PRKCA"", ""gene_symbol:ABCA4"", ""gene_symbol:GUCY2D"", ""gene_symbol:RLBP1"", ""gene_symbol:GNB5"", ""gene_symbol:KCNQ4"", ""gene_symbol:OR10AD1"", ""gene_symbol:EPB41L1"", ""gene_symbol:CLIC5"", ""gene_symbol:CALM3"", ""gene_symbol:CIB2"", ""gene_symbol:EPS8L2"", ""gene_symbol:NAPEPLD"", ""gene_symbol:ADCY3"", ""gene_symbol:ATP2B1"", ""gene_symbol:PCDH15"", ""gene_symbol:CALM1"", ""gene_symbol:CACNA2D2"", ""gene_symbol:PRKCQ"", 
""gene_symbol:CALM2"")","0.100883310088331","0.221529175050302","0.771057774643653","1.32779722389746","216","4","c(""hmdb:HMDB0000895"", ""hmdb:HMDB0243979"")"
"50","Sensory processing of sound(reactome)","0.000898590735692545","0.00422905019452748","0.477270815362862","-0.309926986803796","-1.73643154250392","61","c(""gene_symbol:SNAP25"", ""gene_symbol:BSN"", ""gene_symbol:ATP2B2"", ""gene_symbol:KCNMA1"", ""gene_symbol:PCLO"", ""gene_symbol:STX1A"", ""gene_symbol:CABP1"", ""gene_symbol:SYN1"", ""gene_symbol:SYP"", ""gene_symbol:KCNN2"", ""gene_symbol:RAB3A"", ""gene_symbol:OTOF"", ""gene_symbol:EPB41L3"", ""gene_symbol:CACNB2"", ""gene_symbol:VAMP2"", ""gene_symbol:SLC17A8"", ""gene_symbol:CACNA1D"", ""gene_symbol:KCNQ4"", ""gene_symbol:EPB41L1"", ""gene_symbol:CLIC5"", ""gene_symbol:CIB2"", ""gene_symbol:EPS8L2"", ""gene_symbol:ATP2B1"", ""gene_symbol:PCDH15""
)","0.0973684210526316","0.221529175050302","0.962025316455696","1.28412364712295","147","1","hmdb:HMDB0000895"
"51","Signaling by CSF1 (M-CSF) in myeloid cells(reactome)","0.00101435615822097","0.00469686003421137","0.45505986738723","0.561606354645412","1.73440043602247","31","c(""gene_symbol:HCK"", ""gene_symbol:SHC1"", ""gene_symbol:LYN"", ""gene_symbol:PLCG2"", ""gene_symbol:CSF1"", ""gene_symbol:STAT1"", ""gene_symbol:GRAP2"", ""gene_symbol:INPP5D"", ""gene_symbol:PIK3CG"", ""gene_symbol:CSF1R"", ""gene_symbol:INPPL1"", ""gene_symbol:RPS27A"", ""gene_symbol:YES1"", ""gene_symbol:CBL"", ""gene_symbol:GAB2"", ""gene_symbol:PIK3CA"")","0.0427631578947368","0.194122832794593","0.987341772151899","1.31791637467881","64","1","hmdb:HMDB0001565"
"52","SLC transporter disorders(reactome)","0.00630081300813008","0.0221259848024104","0.260421317992976","0.434119571025761","1.50262191441225","71","c(""gene_symbol:NUP37"", ""gene_symbol:SLC7A7"", ""gene_symbol:NUP107"", ""gene_symbol:NUP188"", ""gene_symbol:NUP160"", ""gene_symbol:NUP205"", ""gene_symbol:NUP54"", ""gene_symbol:NUP85"", ""gene_symbol:AAAS"", ""gene_symbol:SLC29A3"", ""gene_symbol:NUP155"", ""gene_symbol:NUP43"", ""gene_symbol:NDC1"", ""gene_symbol:NUP93"", ""gene_symbol:SLC16A1"", ""gene_symbol:CP"", ""gene_symbol:AVPR2"", ""gene_symbol:NUP153"", ""gene_symbol:NUP98"", ""gene_symbol:SLC26A2"", ""gene_symbol:NUP62"", ""gene_symbol:SLC35A3"", ""gene_symbol:RAE1"", ""gene_symbol:SLC2A9"", 
""gene_symbol:NUP50"", ""gene_symbol:NUP88"", ""gene_symbol:SEC13"", ""gene_symbol:NUP35"", ""gene_symbol:TPR"", ""gene_symbol:SEH1L"", ""gene_symbol:NUP210"", ""gene_symbol:SLC24A5"", ""gene_symbol:SLC3A2"", ""gene_symbol:SLC35C1"", ""gene_symbol:SLC22A5"", ""gene_symbol:NUP133"", ""gene_symbol:NUP214"", ""gene_symbol:SLC40A1"", ""gene_symbol:POM121"")","0.00790330079033008","0.0707441802451497","0.895921672534418","1.54281864309137","16","4","c(""hmdb:HMDB0000182"", ""hmdb:HMDB0003405"")"
"53","Sudden infant death syndrome (SIDS) susceptibility pathways(wiki)","0.000162868493233224","0.000981054463664434","0.518848077743792","-0.24872900284261","-1.59335572093971","128","c(""gene_symbol:SCN4B"", ""gene_symbol:SNAP25"", ""gene_symbol:GABRA1"", ""gene_symbol:RYR2"", ""gene_symbol:NOS1AP"", ""gene_symbol:SST"", ""gene_symbol:GRIN1"", ""gene_symbol:TAC1"", ""gene_symbol:TPPP"", ""gene_symbol:PRKAR1B"", ""gene_symbol:HTR2A"", ""gene_symbol:THRB"", ""gene_symbol:CHRNA4"", ""gene_symbol:PPARGC1A"", ""gene_symbol:MEF2C"", ""gene_symbol:MAP2"", ""gene_symbol:ATP1A3"", ""gene_symbol:HES5"", ""gene_symbol:RORA"", ""gene_symbol:CHAT"", ""gene_symbol:CHRFAM7A"", ""gene_symbol:POU3F2"", ""gene_symbol:BDNF"", ""gene_symbol:SCN3B"", 
""gene_symbol:HTR1A"", ""gene_symbol:CHRM2"", ""gene_symbol:PLP1"", ""gene_symbol:VAMP2"", ""gene_symbol:SSTR1"", ""gene_symbol:NTRK2"", ""gene_symbol:ADCYAP1"")","0.214572864321608","0.391782294557364","0.767618063924493","1.24853362294429","426","3","c(""hmdb:HMDB0000895"", ""hmdb:HMDB0000763"")"
"54","Synaptic vesicle pathway(wiki)","1.07901334211834e-15","6.20660632283284e-14","1.01754479730988","-0.697551554908922","-3.63769194901485","47","c(""gene_symbol:SLC17A7"", ""gene_symbol:SNAP25"", ""gene_symbol:CPLX1"", ""gene_symbol:RIMS1"", ""gene_symbol:SYT1"", ""gene_symbol:STX1A"", ""gene_symbol:STX1B"", ""gene_symbol:SYN1"", ""gene_symbol:CPLX2"", ""gene_symbol:DNM1"", ""gene_symbol:UNC13C"", ""gene_symbol:CACNA1A"", ""gene_symbol:SYN2"", ""gene_symbol:SYP"", ""gene_symbol:CACNA1B"", ""gene_symbol:RAB3A"", ""gene_symbol:CPLX3"", ""gene_symbol:NSF"", ""gene_symbol:DNM3"", ""gene_symbol:UNC13B"", ""gene_symbol:UNC13A"", ""gene_symbol:VAMP2"", ""gene_symbol:SLC32A1"", ""gene_symbol:STXBP1"", 
""gene_symbol:SLC17A8"", ""gene_symbol:ATP1A2"", ""gene_symbol:SLC22A3"")","0.184857423795477","0.350503477628984","-0.636363636363636","-1.2734329367618","187","3","c(""hmdb:HMDB0003423"", ""hmdb:HMDB0000641"", ""hmdb:HMDB0000259"")"
"55","Trans-sulfuration, one-carbon metabolism and related pathways(wiki)","0.0420358541108593","0.106630079620341","0.0990535443470425","0.40866069711077","1.37430074019126","55","c(""gene_symbol:MTHFD2"", ""gene_symbol:TYMS"", ""gene_symbol:DHFR"", ""gene_symbol:SHMT2"", ""gene_symbol:SHMT1"", ""gene_symbol:GSR"", ""gene_symbol:AHCY"", ""gene_symbol:GPX1"", ""gene_symbol:MTHFD1L"", ""gene_symbol:BCAT2"", ""gene_symbol:PHGDH"", ""gene_symbol:DNMT3B"", ""gene_symbol:CTH"", ""gene_symbol:MTR"", ""gene_symbol:MTHFR"", ""gene_symbol:MTHFD2L"", ""gene_symbol:CHKB"", ""gene_symbol:MTHFD1"", ""gene_symbol:PSAT1"", ""gene_symbol:PSPH"", ""gene_symbol:MAT2A"", ""gene_symbol:PLD1"", ""gene_symbol:SARDH"")","0.0231155778894472","0.180498235860152","0.887849298637771","1.44409017134047","45","3","c(""hmdb:HMDB0001565"", ""hmdb:HMDB0000895"", ""hmdb:HMDB0001256"")"
"56","Transcriptional Regulation by TP53(reactome)","5.97588958036587e-10","1.42319507136397e-08","0.801215574617779","0.427439576327832","1.634037613954","344","c(""gene_symbol:E2F8"", ""gene_symbol:CDK1"", ""gene_symbol:CCNB1"", ""gene_symbol:IGFBP3"", ""gene_symbol:BIRC5"", ""gene_symbol:AURKB"", ""gene_symbol:TPX2"", ""gene_symbol:CCNA2"", ""gene_symbol:EXO1"", ""gene_symbol:CHEK1"", ""gene_symbol:TOPBP1"", ""gene_symbol:BRIP1"", ""gene_symbol:AURKA"", ""gene_symbol:RBBP8"", ""gene_symbol:RBL1"", ""gene_symbol:CDK2"", ""gene_symbol:DNA2"", ""gene_symbol:BRCA1"", ""gene_symbol:BARD1"", ""gene_symbol:TP53"", ""gene_symbol:PRDM1"", ""gene_symbol:CASP1"", ""gene_symbol:E2F7"", ""gene_symbol:CDC25C"", ""gene_symbol:CASP6"", 
""gene_symbol:NPM1"", ""gene_symbol:MOV10"", ""gene_symbol:CHEK2"", ""gene_symbol:PIDD1"", ""gene_symbol:RFC3"", ""gene_symbol:TXN"", ""gene_symbol:MTA2"", ""gene_symbol:HDAC1"", ""gene_symbol:PPP1R13L"", ""gene_symbol:BLM"", ""gene_symbol:APAF1"", ""gene_symbol:GSR"", ""gene_symbol:PCNA"", ""gene_symbol:RFC4"", ""gene_symbol:CASP2"", ""gene_symbol:PML"", ""gene_symbol:ATM"", ""gene_symbol:KMT5A"", ""gene_symbol:CDKN1A"", ""gene_symbol:RHNO1"", ""gene_symbol:TAF15"", ""gene_symbol:TXNRD1"", ""gene_symbol:TFDP1"", ""gene_symbol:GATAD2A"", ""gene_symbol:MDC1"", 
""gene_symbol:RPS27A"", ""gene_symbol:RPA3"", ""gene_symbol:FANCD2"", ""gene_symbol:FANCI"", ""gene_symbol:E2F1"", ""gene_symbol:SSRP1"", ""gene_symbol:NLRC4"", ""gene_symbol:GADD45A"", ""gene_symbol:RAD9A"", ""gene_symbol:RPA2"", ""gene_symbol:RMI2"", ""gene_symbol:E2F4"", ""gene_symbol:PRDX1"", ""gene_symbol:POLR2A"", ""gene_symbol:CCNE2"", ""gene_symbol:CTDP1"", ""gene_symbol:ATR"", ""gene_symbol:MRE11"", ""gene_symbol:TOP3A"", ""gene_symbol:CENPJ"", ""gene_symbol:RAD50"", ""gene_symbol:RABGGTB"", ""gene_symbol:NOC2L"", ""gene_symbol:BAX"", 
""gene_symbol:PRMT1"", ""gene_symbol:G6PD"", ""gene_symbol:RFC2"", ""gene_symbol:ELOA"", ""gene_symbol:CNOT6"", ""gene_symbol:AKT1"", ""gene_symbol:CNOT9"", ""gene_symbol:PPP2R1B"", ""gene_symbol:RPA1"", ""gene_symbol:TAF4"", ""gene_symbol:NELFA"", ""gene_symbol:EHMT1"", ""gene_symbol:DAXX"", ""gene_symbol:CDK12"", ""gene_symbol:SESN2"", ""gene_symbol:SFN"", ""gene_symbol:RAD17"", ""gene_symbol:BID"", ""gene_symbol:RBBP4"", ""gene_symbol:PLK3"", ""gene_symbol:POLR2D"", ""gene_symbol:POLR2F"", ""gene_symbol:NELFE"", ""gene_symbol:ARID3A"", ""gene_symbol:PMAIP1"", 
""gene_symbol:CHD4"", ""gene_symbol:STEAP3"", ""gene_symbol:CNOT3"", ""gene_symbol:GTF2H1"", ""gene_symbol:TNRC6A"", ""gene_symbol:BRPF1"", ""gene_symbol:TAF2"", ""gene_symbol:JUN"", ""gene_symbol:POLR2H"", ""gene_symbol:MDM2"", ""gene_symbol:BRD7"", ""gene_symbol:CCNT1"", ""gene_symbol:MLH1"", ""gene_symbol:CCNE1"", ""gene_symbol:BRD1"", ""gene_symbol:PRELID1"", ""gene_symbol:TP53INP1"", ""gene_symbol:TAF12"", ""gene_symbol:TAF4B"", ""gene_symbol:SCO1"", ""gene_symbol:TMEM219"", ""gene_symbol:MAP2K6"", ""gene_symbol:PRKAB1"", ""gene_symbol:POLR2G"", 
""gene_symbol:RAD1"", ""gene_symbol:COX20"", ""gene_symbol:SUPT16H"", ""gene_symbol:KAT6A"", ""gene_symbol:CSNK2A2"", ""gene_symbol:MAPKAPK5"", ""gene_symbol:TAF5"", ""gene_symbol:ING5"", ""gene_symbol:MSH2"", ""gene_symbol:AGO2"", ""gene_symbol:PRDX2"", ""gene_symbol:LAMTOR2"", ""gene_symbol:ERCC2"", ""gene_symbol:TCEA1"", ""gene_symbol:CCNK"", ""gene_symbol:CNOT6L"", ""gene_symbol:EP300"", ""gene_symbol:HUS1"", ""gene_symbol:CNOT1"", ""gene_symbol:LAMTOR3"", ""gene_symbol:GTF2H2"", ""gene_symbol:TAF10"", ""gene_symbol:CDK13"", ""gene_symbol:BBC3"", 
""gene_symbol:WRN"", ""gene_symbol:RRAGC"", ""gene_symbol:TNKS1BP1"", ""gene_symbol:TBP"", ""gene_symbol:AGO1"", ""gene_symbol:USP7"", ""gene_symbol:AK6"", ""gene_symbol:POLR2K"", ""gene_symbol:GTF2H3"", ""gene_symbol:CSNK2A1"", ""gene_symbol:TAF13"", ""gene_symbol:CNOT8"", ""gene_symbol:CDK9"", ""gene_symbol:TAF6"", ""gene_symbol:ERCC3"", ""gene_symbol:SMYD2"", ""gene_symbol:POLR2E"", ""gene_symbol:RBBP7"", ""gene_symbol:CNOT2"", ""gene_symbol:EHMT2"", ""gene_symbol:MDM4"", ""gene_symbol:TAF9"", ""gene_symbol:RMI1"", ""gene_symbol:GTF2F1"", ""gene_symbol:GATAD2B"", 
""gene_symbol:NELFB"", ""gene_symbol:CNOT10"", ""gene_symbol:PRKAA1"", ""gene_symbol:PCBP4"", ""gene_symbol:STK11"", ""gene_symbol:RFFL"", ""gene_symbol:CDKN1B"", ""gene_symbol:POLR2B"", ""gene_symbol:TAF3"", ""gene_symbol:TAF1"", ""gene_symbol:BANP"", ""gene_symbol:HDAC2"", ""gene_symbol:POLR2J"", ""gene_symbol:POLR2C"", ""gene_symbol:SGK1"", ""gene_symbol:FAS"", ""gene_symbol:MNAT1"", ""gene_symbol:CARM1"", ""gene_symbol:CNOT4"", ""gene_symbol:RAD51D"", ""gene_symbol:MAPK14"", ""gene_symbol:TP53BP2"", ""gene_symbol:HIPK1"", ""gene_symbol:CNOT11"", 
""gene_symbol:CREBBP"", ""gene_symbol:CSNK2B"", ""gene_symbol:POLR2I"", ""gene_symbol:PRDX5"", ""gene_symbol:LAMTOR5"", ""gene_symbol:ELL"", ""gene_symbol:PTEN"", ""gene_symbol:POLR2L"", ""gene_symbol:NBN"", ""gene_symbol:LRPPRC"", ""gene_symbol:GTF2F2"", ""gene_symbol:RFC5"", ""gene_symbol:MAPKAP1"", ""gene_symbol:SCO2"", ""gene_symbol:COX7A2L"", ""gene_symbol:GTF2H4"", ""gene_symbol:ATRIP"", ""gene_symbol:LAMTOR1"", ""gene_symbol:TRIAP1"", ""gene_symbol:PMS2"")","0.0840197693574959","0.221529175050302","-0.846153846153846","-1.43865291090931","101","2","c(""hmdb:HMDB0003423"", ""hmdb:HMDB0000641"")"
"57","Translation(reactome)","1.42459287973514e-14","7.00968351908231e-13","0.97599468306432","0.483654574858467","1.83663927124036","286","c(""gene_symbol:EIF4EBP1"", ""gene_symbol:RPLP0"", ""gene_symbol:PABPC1"", ""gene_symbol:RPS2"", ""gene_symbol:RPS12"", ""gene_symbol:VARS"", ""gene_symbol:RPS27L"", ""gene_symbol:RPS20"", ""gene_symbol:RPLP2"", ""gene_symbol:RPS18"", ""gene_symbol:RPL18"", ""gene_symbol:RPL32"", ""gene_symbol:RPS3A"", ""gene_symbol:RPL39"", ""gene_symbol:EEF1B2"", ""gene_symbol:RPL12"", ""gene_symbol:RPS9"", ""gene_symbol:RPS16"", ""gene_symbol:RPS28"", ""gene_symbol:RPL23"", ""gene_symbol:RPSA"", ""gene_symbol:RPS4X"", ""gene_symbol:RPS19"", ""gene_symbol:RPL34"", 
""gene_symbol:RPL10A"", ""gene_symbol:EEF1G"", ""gene_symbol:RPL35"", ""gene_symbol:RPL27"", ""gene_symbol:RPS8"", ""gene_symbol:RPS17"", ""gene_symbol:SEC61B"", ""gene_symbol:RPS10"", ""gene_symbol:RPS5"", ""gene_symbol:TARS"", ""gene_symbol:RPL8"", ""gene_symbol:RPS11"", ""gene_symbol:RPL10"", ""gene_symbol:EIF3A"", ""gene_symbol:SSR3"", ""gene_symbol:RPS3"", ""gene_symbol:RPS27A"", ""gene_symbol:EEF1A1"", ""gene_symbol:RPL23A"", ""gene_symbol:RPL30"", ""gene_symbol:TRAM1"", ""gene_symbol:EIF4A1"", ""gene_symbol:RPL28"", ""gene_symbol:SEC61A1"", 
""gene_symbol:RPS23"", ""gene_symbol:FAU"", ""gene_symbol:RPL5"", ""gene_symbol:RPL37A"", ""gene_symbol:RPL35A"", ""gene_symbol:RPS13"", ""gene_symbol:RPL27A"", ""gene_symbol:RPS7"", ""gene_symbol:SSR2"", ""gene_symbol:EIF2S1"", ""gene_symbol:RPL13"", ""gene_symbol:RPL7"", ""gene_symbol:RPL22"", ""gene_symbol:RPS27"", ""gene_symbol:EEF1D"", ""gene_symbol:RPL13A"", ""gene_symbol:RPL36"", ""gene_symbol:RPL31"", ""gene_symbol:RPS14"", ""gene_symbol:RPL18A"", ""gene_symbol:RPL7A"", ""gene_symbol:RPL17"", ""gene_symbol:EIF3L"", ""gene_symbol:RARS"", 
""gene_symbol:RPS26"", ""gene_symbol:RPS24"", ""gene_symbol:RPS15A"", ""gene_symbol:RPL11"", ""gene_symbol:RPLP1"", ""gene_symbol:RPS25"", ""gene_symbol:SEC11A"", ""gene_symbol:EIF2S2"", ""gene_symbol:RPL14"", ""gene_symbol:EIF1AX"", ""gene_symbol:RPL38"", ""gene_symbol:RPL41"", ""gene_symbol:EIF3D"", ""gene_symbol:RPL37"", ""gene_symbol:LARS"", ""gene_symbol:RPL19"", ""gene_symbol:RPL24"", ""gene_symbol:RPL6"", ""gene_symbol:DDOST"", ""gene_symbol:SEC11C"", ""gene_symbol:TRMT112"", ""gene_symbol:ETF1"", ""gene_symbol:GFM2"", ""gene_symbol:EIF4G1"", 
""gene_symbol:RPL4"", ""gene_symbol:EIF3E"", ""gene_symbol:RPS6"", ""gene_symbol:CARS"", ""gene_symbol:EIF3B"", ""gene_symbol:IARS"", ""gene_symbol:RPS29"", ""gene_symbol:RPL26"", ""gene_symbol:RPL29"", ""gene_symbol:KARS"", ""gene_symbol:RPS15"", ""gene_symbol:FARSA"", ""gene_symbol:RPL3"", ""gene_symbol:EEF2"", ""gene_symbol:RPL9"", ""gene_symbol:SEC61G"", ""gene_symbol:RPS21"", ""gene_symbol:QARS"", ""gene_symbol:APEH"", ""gene_symbol:EEF1E1"", ""gene_symbol:GSPT1"", ""gene_symbol:RPL21"", ""gene_symbol:RPL36A"", ""gene_symbol:GFM1"", ""gene_symbol:EIF5B"", 
""gene_symbol:MRPL33"", ""gene_symbol:EPRS"", ""gene_symbol:MRPL52"", ""gene_symbol:MRPS6"", ""gene_symbol:SSR4"", ""gene_symbol:MRPL21"", ""gene_symbol:RPL15"", ""gene_symbol:MRPL22"", ""gene_symbol:EIF3H"", ""gene_symbol:MRPL13"", ""gene_symbol:PTCD3"", ""gene_symbol:RPL22L1"", ""gene_symbol:EIF3J"", ""gene_symbol:MRPS21"", ""gene_symbol:EIF3I"", ""gene_symbol:SRPRB"", ""gene_symbol:MRPL9"", ""gene_symbol:EIF5"", ""gene_symbol:EIF3G"", ""gene_symbol:EIF3K"", ""gene_symbol:MRPS15"", ""gene_symbol:RPN1"", ""gene_symbol:RPN2"", ""gene_symbol:SRPR"", 
""gene_symbol:MRPS18B"", ""gene_symbol:MRPL32"", ""gene_symbol:GARS"", ""gene_symbol:EIF4B"", ""gene_symbol:SRP19"", ""gene_symbol:SPCS2"", ""gene_symbol:TUFM"", ""gene_symbol:CARS2"", ""gene_symbol:AIMP1"", ""gene_symbol:EIF3M"", ""gene_symbol:MRPL49"", ""gene_symbol:MRPS28"", ""gene_symbol:SSR1"", ""gene_symbol:MRPL12"", ""gene_symbol:TARS2"", ""gene_symbol:MTFMT"", ""gene_symbol:EIF2B2"", ""gene_symbol:MRPS9"", ""gene_symbol:MRPL15"", ""gene_symbol:MRPL18"", ""gene_symbol:EIF3F"", ""gene_symbol:MRPL47"", ""gene_symbol:MRPS30"", ""gene_symbol:SPCS3"", 
""gene_symbol:MRPL17"", ""gene_symbol:MRPL24"", ""gene_symbol:EIF2S3"", ""gene_symbol:AIMP2"", ""gene_symbol:HARS2"", ""gene_symbol:EIF4E"", ""gene_symbol:SRP54"", ""gene_symbol:EIF3C"", ""gene_symbol:TSFM"", ""gene_symbol:MRPL1"", ""gene_symbol:MRPL14"", ""gene_symbol:MTRF1L"", ""gene_symbol:EIF2B3"", ""gene_symbol:MRPL34"", ""gene_symbol:AARS"", ""gene_symbol:MTIF3"", ""gene_symbol:DARS"", ""gene_symbol:MARS2"", ""gene_symbol:MRPS22"", ""gene_symbol:EIF2B1"", ""gene_symbol:SRP68"", ""gene_symbol:MRPL51"", ""gene_symbol:SARS"", ""gene_symbol:MRPS35"", 
""gene_symbol:DAP3"", ""gene_symbol:MRPS2"", ""gene_symbol:EARS2"", ""gene_symbol:YARS2"", ""gene_symbol:MARS1"", ""gene_symbol:MRPL43"", ""gene_symbol:MRPS10"", ""gene_symbol:NARS"", ""gene_symbol:MRPL4"", ""gene_symbol:MRPL42"", ""gene_symbol:MRPL16"", ""gene_symbol:MRPL38"", ""gene_symbol:MRPS7"", ""gene_symbol:EIF2B5"", ""gene_symbol:MRPL39"", ""gene_symbol:VARS2"", ""gene_symbol:SRP72"", ""gene_symbol:MRPS23"", ""gene_symbol:MRPL20"", ""gene_symbol:FARSB"", ""gene_symbol:CHCHD1"", ""gene_symbol:MRPL36"", ""gene_symbol:MRPL23"", ""gene_symbol:MRPL2"", 
""gene_symbol:MRPS5"", ""gene_symbol:MRPL11"", ""gene_symbol:HARS"", ""gene_symbol:MRPL50"", ""gene_symbol:MRPL28"", ""gene_symbol:MRPS18C"", ""gene_symbol:MTIF2"", ""gene_symbol:MRPL37"", ""gene_symbol:MRPL19"")","0.00790330079033008","0.0707441802451497","0.895921672534418","1.54281864309137","16","4","c(""hmdb:HMDB0000182"", ""hmdb:HMDB0003405"")"
"58","Transport of inorganic cations/anions and amino acids/oligopeptides(reactome)","0.00253604932058399","0.0102750252234772","0.431707695803346","-0.255488866727119","-1.52181339884913","84","c(""gene_symbol:SLC17A7"", ""gene_symbol:SLC24A2"", ""gene_symbol:SLC8A2"", ""gene_symbol:SLC4A10"", ""gene_symbol:SLC1A2"", ""gene_symbol:SLC12A5"", ""gene_symbol:SLC24A4"", ""gene_symbol:SLC1A1"", ""gene_symbol:SLC6A20"", ""gene_symbol:SLC32A1"", ""gene_symbol:SLC8A3"", ""gene_symbol:SLC4A3"", ""gene_symbol:SLC4A5"", ""gene_symbol:SLC24A3"", ""gene_symbol:SLC17A8"", ""gene_symbol:SLC3A1"", ""gene_symbol:SLC4A4"", ""gene_symbol:SLC25A18"", ""gene_symbol:SLC5A5"", ""gene_symbol:SLC9A7"", ""gene_symbol:SLC7A10"", ""gene_symbol:CALM3"", ""gene_symbol:SLC1A6"", 
""gene_symbol:SLC9A6"", ""gene_symbol:CALM1"", ""gene_symbol:SLC1A3"", ""gene_symbol:SLC9A4"", ""gene_symbol:CALM2"")","0.00790330079033008","0.0707441802451497","0.895921672534418","1.54281864309137","16","4","c(""hmdb:HMDB0000182"", ""hmdb:HMDB0003405"")"
"59","Transport of inorganic cations/anions and amino acids/oligopeptides(wiki)","0.00253604932058399","0.0102750252234772","0.431707695803346","-0.255488866727119","-1.52181339884913","84","c(""gene_symbol:SLC17A7"", ""gene_symbol:SLC24A2"", ""gene_symbol:SLC8A2"", ""gene_symbol:SLC4A10"", ""gene_symbol:SLC1A2"", ""gene_symbol:SLC12A5"", ""gene_symbol:SLC24A4"", ""gene_symbol:SLC1A1"", ""gene_symbol:SLC6A20"", ""gene_symbol:SLC32A1"", ""gene_symbol:SLC8A3"", ""gene_symbol:SLC4A3"", ""gene_symbol:SLC4A5"", ""gene_symbol:SLC24A3"", ""gene_symbol:SLC17A8"", ""gene_symbol:SLC3A1"", ""gene_symbol:SLC4A4"", ""gene_symbol:SLC25A18"", ""gene_symbol:SLC5A5"", ""gene_symbol:SLC9A7"", ""gene_symbol:SLC7A10"", ""gene_symbol:CALM3"", ""gene_symbol:SLC1A6"", 
""gene_symbol:SLC9A6"", ""gene_symbol:CALM1"", ""gene_symbol:SLC1A3"", ""gene_symbol:SLC9A4"", ""gene_symbol:CALM2"")","0.00790330079033008","0.0707441802451497","0.895921672534418","1.54281864309137","16","4","c(""hmdb:HMDB0000182"", ""hmdb:HMDB0003405"")"
"60","tRNA Aminoacylation(reactome)","0.0442069976953698","0.111034058172134","0.097321569346153","0.42923633996227","1.38878828020586","42","c(""gene_symbol:VARS"", ""gene_symbol:TARS"", ""gene_symbol:RARS"", ""gene_symbol:LARS"", ""gene_symbol:CARS"", ""gene_symbol:IARS"", ""gene_symbol:KARS"", ""gene_symbol:FARSA"", ""gene_symbol:QARS"", ""gene_symbol:EEF1E1"", ""gene_symbol:EPRS"", ""gene_symbol:GARS"", ""gene_symbol:CARS2"", ""gene_symbol:AIMP1"", ""gene_symbol:TARS2"", ""gene_symbol:AIMP2"", ""gene_symbol:HARS2"", ""gene_symbol:AARS"", ""gene_symbol:DARS"", ""gene_symbol:MARS2"", ""gene_symbol:SARS"", ""gene_symbol:EARS2"", ""gene_symbol:YARS2"", ""gene_symbol:MARS1"", ""gene_symbol:NARS"", 
""gene_symbol:VARS2"", ""gene_symbol:FARSB"", ""gene_symbol:HARS"", ""gene_symbol:WARS2"", ""gene_symbol:IARS2"", ""gene_symbol:RARS2"", ""gene_symbol:PPA1"", ""gene_symbol:SARS2"", ""gene_symbol:NARS2"", ""gene_symbol:YARS"")","0.00790330079033008","0.0707441802451497","0.895921672534418","1.54281864309137","16","4","c(""hmdb:HMDB0000182"", ""hmdb:HMDB0003405"")"
"61","tRNA aminoacylation(wiki)","0.0442069976953698","0.111034058172134","0.097321569346153","0.42923633996227","1.38878828020586","42","c(""gene_symbol:VARS"", ""gene_symbol:TARS"", ""gene_symbol:RARS"", ""gene_symbol:LARS"", ""gene_symbol:CARS"", ""gene_symbol:IARS"", ""gene_symbol:KARS"", ""gene_symbol:FARSA"", ""gene_symbol:QARS"", ""gene_symbol:EEF1E1"", ""gene_symbol:EPRS"", ""gene_symbol:GARS"", ""gene_symbol:CARS2"", ""gene_symbol:AIMP1"", ""gene_symbol:TARS2"", ""gene_symbol:AIMP2"", ""gene_symbol:HARS2"", ""gene_symbol:AARS"", ""gene_symbol:DARS"", ""gene_symbol:MARS2"", ""gene_symbol:SARS"", ""gene_symbol:EARS2"", ""gene_symbol:YARS2"", ""gene_symbol:MARS1"", ""gene_symbol:NARS"", 
""gene_symbol:VARS2"", ""gene_symbol:FARSB"", ""gene_symbol:HARS"", ""gene_symbol:WARS2"", ""gene_symbol:IARS2"", ""gene_symbol:RARS2"", ""gene_symbol:PPA1"", ""gene_symbol:SARS2"", ""gene_symbol:NARS2"", ""gene_symbol:YARS"")","0.00790330079033008","0.0707441802451497","0.895921672534418","1.54281864309137","16","4","c(""hmdb:HMDB0000182"", ""hmdb:HMDB0003405"")"
"62","UCH proteinases(reactome)","3.94175472295506e-05","0.000302028635807664","0.557332238758646","0.483320499544091","1.70451750422545","86","c(""gene_symbol:PSMB8"", ""gene_symbol:TGFB1"", ""gene_symbol:PSMB9"", ""gene_symbol:BARD1"", ""gene_symbol:ACTL6A"", ""gene_symbol:TGFBR1"", ""gene_symbol:PSME1"", ""gene_symbol:TGFBR2"", ""gene_symbol:RPS27A"", ""gene_symbol:ACTB"", ""gene_symbol:PSMA5"", ""gene_symbol:PSME4"", ""gene_symbol:PSME2"", ""gene_symbol:PSMB10"", ""gene_symbol:SEM1"", ""gene_symbol:KDM1B"", ""gene_symbol:PSMA7"", ""gene_symbol:PSMA4"", ""gene_symbol:PSMA1"", ""gene_symbol:RUVBL1"", ""gene_symbol:ACTR5"", ""gene_symbol:HCFC1"", ""gene_symbol:SMAD7"", ""gene_symbol:PSMB3"", 
""gene_symbol:PSMD11"", ""gene_symbol:ASXL2"", ""gene_symbol:YY1"", ""gene_symbol:PSMB2"", ""gene_symbol:PSMA3"", ""gene_symbol:PSMD4"", ""gene_symbol:PSME3"", ""gene_symbol:PSMB4"", ""gene_symbol:ADRM1"", ""gene_symbol:PSMC4"", ""gene_symbol:PSMD2"", ""gene_symbol:NFRKB"", ""gene_symbol:PSMA2"", ""gene_symbol:MBD6"", ""gene_symbol:INO80E"", ""gene_symbol:PSMD9"", ""gene_symbol:PSMA6"", ""gene_symbol:PSMD7"", ""gene_symbol:PSMD1"", ""gene_symbol:INO80D"", ""gene_symbol:FOXK2"", ""gene_symbol:PSMD14"", ""gene_symbol:INO80"", ""gene_symbol:INO80C"", 
""gene_symbol:ASXL1"", ""gene_symbol:PSMD12"", ""gene_symbol:PSMD8"", ""gene_symbol:PSMB6"", ""gene_symbol:INO80B"", ""gene_symbol:PSMD13"", ""gene_symbol:PSMC6"", ""gene_symbol:UCHL5"", ""gene_symbol:PSMD10"", ""gene_symbol:PSMB1"", ""gene_symbol:PSMD3"", ""gene_symbol:PSMC2"", ""gene_symbol:PSMB7"", ""gene_symbol:UCHL3"", ""gene_symbol:PSMD5"", ""gene_symbol:PSMC3"", ""gene_symbol:USP15"")","0.00610771793448084","0.0707441802451497","0.961538461538462","1.45962553114004","10","2","c(""hmdb:HMDB0000182"", ""hmdb:HMDB0003405"")"
"63","Vitamin D-sensitive calcium signaling in depression(wiki)","0.000637924476343089","0.00318405522981804","0.477270815362862","-0.408543549228795","-1.91211653300511","32","c(""gene_symbol:CHRM1"", ""gene_symbol:PVALB"", ""gene_symbol:ATP2B2"", ""gene_symbol:KCNQ3"", ""gene_symbol:GRIN2B"", ""gene_symbol:GRIN1"", ""gene_symbol:KCNQ2"", ""gene_symbol:ATP2B3"", ""gene_symbol:CALB1"", ""gene_symbol:GRM5"", ""gene_symbol:CACNA1C"", ""gene_symbol:ITPR1"", ""gene_symbol:ATP2B4"")","0.0973684210526316","0.221529175050302","0.962025316455696","1.28412364712295","147","1","hmdb:HMDB0000895"
